log_id,job_number,product_id,workcenter,status,planned_duration_min,actual_duration_min,scrap_pieces,timestamp
1,ZLE-2026-25795,102,Okleiniowanie,OK,22,20,1,2026-01-01 00:00:00
2,ZLE-2026-10860,103,Okleiniowanie,OK,15,22,0,2026-01-01 00:41:00
3,ZLE-2026-86820,101,Pakowanie,OK,51,52,0,2026-01-01 01:19:00
4,ZLE-2026-64886,101,Rozkrój,Brak_Materialu,36,79,3,2026-01-01 02:06:00
5,ZLE-2026-16265,101,Wiercenie,OK,20,19,1,2026-01-01 02:46:00
6,ZLE-2026-92386,103,Wiercenie,OK,35,39,0,2026-01-01 03:20:00
7,ZLE-2026-47194,103,Okleiniowanie,OK,46,54,0,2026-01-01 03:53:00
8,ZLE-2026-97498,102,Rozkrój,OK,49,57,0,2026-01-01 04:36:00
9,ZLE-2026-54131,102,Rozkrój,OK,29,28,0,2026-01-01 05:23:00
10,ZLE-2026-70263,102,Pakowanie,OK,19,15,0,2026-01-01 05:56:00
11,ZLE-2026-26023,101,Okleiniowanie,OK,20,22,0,2026-01-01 06:37:00
12,ZLE-2026-51090,101,Okleiniowanie,OK,39,47,0,2026-01-01 07:10:00
13,ZLE-2026-77221,102,Okleiniowanie,OK,54,50,0,2026-01-01 07:53:00
14,ZLE-2026-74820,101,Wiercenie,OK,43,47,1,2026-01-01 08:41:00
15,ZLE-2026-10769,102,Rozkrój,Przezbrojenie,21,116,6,2026-01-01 09:12:00
16,ZLE-2026-69735,103,Okleiniowanie,OK,54,54,0,2026-01-01 10:02:00
17,ZLE-2026-72955,102,Wiercenie,OK,27,29,0,2026-01-01 10:49:00
18,ZLE-2026-74925,103,Pakowanie,OK,52,52,1,2026-01-01 11:15:00
19,ZLE-2026-77969,101,Okleiniowanie,OK,32,30,0,2026-01-01 12:00:00
20,ZLE-2026-15311,102,Okleiniowanie,OK,16,23,2,2026-01-01 12:33:00
21,ZLE-2026-93104,101,Okleiniowanie,OK,22,20,0,2026-01-01 13:29:00
22,ZLE-2026-63707,103,Wiercenie,OK,25,25,2,2026-01-01 14:05:00
23,ZLE-2026-95305,103,Okleiniowanie,OK,47,55,1,2026-01-01 14:36:00
24,ZLE-2026-38693,103,Okleiniowanie,Awaria_Maszyny,52,151,5,2026-01-01 15:20:00
25,ZLE-2026-81932,101,Wiercenie,OK,41,48,0,2026-01-01 15:50:00
26,ZLE-2026-35658,101,Wiercenie,Awaria_Maszyny,34,153,3,2026-01-01 16:36:00
27,ZLE-2026-94478,101,Okleiniowanie,OK,26,28,0,2026-01-01 17:21:00
28,ZLE-2026-28431,101,Pakowanie,OK,57,60,0,2026-01-01 17:56:00
29,ZLE-2026-12747,103,Wiercenie,OK,45,40,0,2026-01-01 18:36:00
30,ZLE-2026-69150,103,Okleiniowanie,OK,41,48,0,2026-01-01 19:19:00
31,ZLE-2026-75725,102,Rozkrój,Przezbrojenie,46,101,5,2026-01-01 20:05:00
32,ZLE-2026-94654,102,Pakowanie,OK,24,22,0,2026-01-01 20:37:00
33,ZLE-2026-45773,101,Rozkrój,Przezbrojenie,17,54,4,2026-01-01 21:18:00
34,ZLE-2026-77435,103,Rozkrój,OK,59,59,0,2026-01-01 21:58:00
35,ZLE-2026-66886,103,Rozkrój,OK,41,38,0,2026-01-01 22:31:00
36,ZLE-2026-76803,103,Wiercenie,OK,49,50,0,2026-01-01 23:22:00
37,ZLE-2026-41551,102,Rozkrój,OK,45,52,0,2026-01-02 00:02:00
38,ZLE-2026-21394,102,Rozkrój,Przezbrojenie,29,64,3,2026-01-02 00:33:00
39,ZLE-2026-79092,103,Rozkrój,OK,30,35,0,2026-01-02 01:21:00
40,ZLE-2026-13890,103,Rozkrój,OK,27,26,0,2026-01-02 02:06:00
41,ZLE-2026-51606,103,Wiercenie,OK,49,47,0,2026-01-02 02:31:00
42,ZLE-2026-90038,102,Wiercenie,OK,25,24,1,2026-01-02 03:22:00
43,ZLE-2026-97313,103,Okleiniowanie,OK,35,37,1,2026-01-02 04:07:00
44,ZLE-2026-20627,103,Okleiniowanie,OK,25,22,1,2026-01-02 04:44:00
45,ZLE-2026-18792,101,Wiercenie,Awaria_Maszyny,44,141,6,2026-01-02 05:17:00
46,ZLE-2026-83969,101,Rozkrój,OK,49,50,0,2026-01-02 06:04:00
47,ZLE-2026-53001,102,Okleiniowanie,OK,36,45,0,2026-01-02 06:30:00
48,ZLE-2026-86552,103,Pakowanie,OK,52,60,0,2026-01-02 07:29:00
49,ZLE-2026-33897,103,Wiercenie,OK,45,45,1,2026-01-02 07:59:00
50,ZLE-2026-78148,101,Okleiniowanie,Przezbrojenie,28,59,3,2026-01-02 08:41:00
51,ZLE-2026-33483,102,Okleiniowanie,OK,38,33,0,2026-01-02 09:14:00
52,ZLE-2026-58555,101,Okleiniowanie,OK,46,53,0,2026-01-02 09:58:00
53,ZLE-2026-27159,101,Okleiniowanie,OK,50,51,1,2026-01-02 10:37:00
54,ZLE-2026-90077,101,Rozkrój,OK,46,54,0,2026-01-02 11:25:00
55,ZLE-2026-45920,101,Rozkrój,OK,29,36,0,2026-01-02 12:03:00
56,ZLE-2026-77121,103,Rozkrój,Przezbrojenie,57,147,4,2026-01-02 12:42:00
57,ZLE-2026-79479,103,Pakowanie,OK,49,57,0,2026-01-02 13:22:00
58,ZLE-2026-99475,101,Wiercenie,Przezbrojenie,17,68,2,2026-01-02 13:54:00
59,ZLE-2026-29457,102,Rozkrój,OK,30,39,1,2026-01-02 14:45:00
60,ZLE-2026-76557,102,Rozkrój,OK,19,25,0,2026-01-02 15:20:00
61,ZLE-2026-87189,102,Wiercenie,OK,35,30,0,2026-01-02 15:54:00
62,ZLE-2026-88953,102,Rozkrój,OK,24,27,0,2026-01-02 16:42:00
63,ZLE-2026-62995,101,Rozkrój,Awaria_Maszyny,33,106,2,2026-01-02 17:20:00
64,ZLE-2026-50757,103,Pakowanie,OK,39,48,1,2026-01-02 18:08:00
65,ZLE-2026-19692,102,Okleiniowanie,Awaria_Maszyny,18,81,5,2026-01-02 18:32:00
66,ZLE-2026-55758,101,Wiercenie,OK,43,39,0,2026-01-02 19:24:00
67,ZLE-2026-82409,102,Pakowanie,OK,33,32,1,2026-01-02 19:56:00
68,ZLE-2026-81211,102,Okleiniowanie,OK,57,64,0,2026-01-02 20:36:00
69,ZLE-2026-75697,101,Rozkrój,OK,16,21,0,2026-01-02 21:15:00
70,ZLE-2026-47065,103,Rozkrój,OK,24,22,0,2026-01-02 21:52:00
71,ZLE-2026-42606,103,Pakowanie,Awaria_Maszyny,57,163,2,2026-01-02 22:42:00
72,ZLE-2026-21534,101,Pakowanie,OK,39,41,0,2026-01-02 23:16:00
73,ZLE-2026-50397,103,Wiercenie,OK,34,39,0,2026-01-02 23:54:00
74,ZLE-2026-11016,101,Rozkrój,OK,33,41,0,2026-01-03 00:47:00
75,ZLE-2026-99789,101,Wiercenie,Przezbrojenie,37,135,7,2026-01-03 01:17:00
76,ZLE-2026-65591,101,Pakowanie,OK,38,43,0,2026-01-03 02:06:00
77,ZLE-2026-99812,103,Wiercenie,OK,25,20,0,2026-01-03 02:49:00
78,ZLE-2026-33247,101,Pakowanie,OK,48,47,1,2026-01-03 03:10:00
79,ZLE-2026-34300,102,Pakowanie,OK,42,51,0,2026-01-03 04:03:00
80,ZLE-2026-84065,103,Wiercenie,OK,19,16,0,2026-01-03 04:46:00
81,ZLE-2026-92798,103,Wiercenie,OK,19,14,0,2026-01-03 05:19:00
82,ZLE-2026-19268,103,Okleiniowanie,OK,35,41,0,2026-01-03 06:01:00
83,ZLE-2026-96807,103,Rozkrój,OK,26,23,0,2026-01-03 06:45:00
84,ZLE-2026-22185,102,Wiercenie,OK,18,26,0,2026-01-03 07:23:00
85,ZLE-2026-73704,103,Okleiniowanie,OK,56,56,0,2026-01-03 08:05:00
86,ZLE-2026-96779,103,Pakowanie,OK,34,42,0,2026-01-03 08:37:00
87,ZLE-2026-49099,101,Pakowanie,Awaria_Maszyny,52,158,5,2026-01-03 09:19:00
88,ZLE-2026-18571,103,Wiercenie,OK,39,41,1,2026-01-03 10:06:00
89,ZLE-2026-48044,102,Rozkrój,Brak_Materialu,28,60,6,2026-01-03 10:47:00
90,ZLE-2026-61214,102,Okleiniowanie,OK,25,30,0,2026-01-03 11:29:00
91,ZLE-2026-71228,102,Rozkrój,OK,46,44,0,2026-01-03 12:05:00
92,ZLE-2026-58984,102,Wiercenie,OK,25,22,0,2026-01-03 12:46:00
93,ZLE-2026-50774,103,Wiercenie,OK,32,31,0,2026-01-03 13:25:00
94,ZLE-2026-12568,103,Pakowanie,OK,41,44,0,2026-01-03 14:08:00
95,ZLE-2026-72592,102,Okleiniowanie,OK,32,39,1,2026-01-03 14:37:00
96,ZLE-2026-77563,102,Pakowanie,OK,37,37,0,2026-01-03 15:15:00
97,ZLE-2026-12695,103,Pakowanie,OK,25,34,0,2026-01-03 15:55:00
98,ZLE-2026-58190,102,Okleiniowanie,OK,35,38,0,2026-01-03 16:38:00
99,ZLE-2026-15258,101,Pakowanie,OK,58,67,1,2026-01-03 17:13:00
100,ZLE-2026-97538,102,Okleiniowanie,OK,19,19,1,2026-01-03 18:01:00
101,ZLE-2026-49504,102,Okleiniowanie,OK,37,33,0,2026-01-03 18:41:00
102,ZLE-2026-43159,101,Wiercenie,Przezbrojenie,55,119,6,2026-01-03 19:26:00
103,ZLE-2026-23986,101,Okleiniowanie,Przezbrojenie,39,127,5,2026-01-03 20:04:00
104,ZLE-2026-71858,103,Wiercenie,OK,55,61,0,2026-01-03 20:38:00
105,ZLE-2026-22666,103,Wiercenie,OK,24,29,1,2026-01-03 21:16:00
106,ZLE-2026-48660,101,Wiercenie,OK,36,39,0,2026-01-03 21:59:00
107,ZLE-2026-13561,101,Okleiniowanie,OK,33,35,1,2026-01-03 22:45:00
108,ZLE-2026-36854,103,Okleiniowanie,OK,15,16,0,2026-01-03 23:21:00
109,ZLE-2026-74505,102,Wiercenie,OK,21,16,0,2026-01-03 23:56:00
110,ZLE-2026-62251,101,Okleiniowanie,OK,18,16,1,2026-01-04 00:47:00
111,ZLE-2026-32662,103,Okleiniowanie,OK,15,21,0,2026-01-04 01:24:00
112,ZLE-2026-18392,102,Rozkrój,OK,29,30,2,2026-01-04 01:55:00
113,ZLE-2026-40535,101,Wiercenie,OK,54,59,1,2026-01-04 02:41:00
114,ZLE-2026-88603,102,Rozkrój,Brak_Materialu,26,84,2,2026-01-04 03:20:00
115,ZLE-2026-62256,103,Wiercenie,OK,36,45,0,2026-01-04 04:09:00
116,ZLE-2026-99135,101,Wiercenie,OK,36,36,0,2026-01-04 04:32:00
117,ZLE-2026-45222,102,Okleiniowanie,Brak_Materialu,31,138,5,2026-01-04 05:11:00
118,ZLE-2026-87373,101,Okleiniowanie,OK,43,48,0,2026-01-04 05:55:00
119,ZLE-2026-89575,102,Pakowanie,OK,28,35,0,2026-01-04 06:34:00
120,ZLE-2026-94651,103,Pakowanie,OK,34,34,0,2026-01-04 07:27:00
121,ZLE-2026-73335,103,Pakowanie,OK,47,51,0,2026-01-04 08:05:00
122,ZLE-2026-20965,101,Pakowanie,OK,57,54,2,2026-01-04 08:37:00
123,ZLE-2026-34538,102,Rozkrój,OK,29,27,1,2026-01-04 09:29:00
124,ZLE-2026-80592,101,Rozkrój,Przezbrojenie,26,91,3,2026-01-04 10:00:00
125,ZLE-2026-18110,101,Okleiniowanie,OK,54,51,0,2026-01-04 10:39:00
126,ZLE-2026-89309,102,Rozkrój,OK,34,29,1,2026-01-04 11:21:00
127,ZLE-2026-37266,102,Okleiniowanie,OK,44,53,0,2026-01-04 11:55:00
128,ZLE-2026-62992,102,Okleiniowanie,OK,52,56,0,2026-01-04 12:49:00
129,ZLE-2026-92948,103,Okleiniowanie,OK,17,16,2,2026-01-04 13:14:00
130,ZLE-2026-16910,101,Wiercenie,OK,42,51,0,2026-01-04 13:58:00
131,ZLE-2026-10206,101,Wiercenie,OK,40,35,0,2026-01-04 14:45:00
132,ZLE-2026-97054,103,Okleiniowanie,OK,44,39,1,2026-01-04 15:23:00
133,ZLE-2026-97897,102,Pakowanie,Przezbrojenie,27,112,3,2026-01-04 15:57:00
134,ZLE-2026-33419,103,Okleiniowanie,OK,27,34,0,2026-01-04 16:49:00
135,ZLE-2026-60636,103,Pakowanie,OK,16,14,0,2026-01-04 17:28:00
136,ZLE-2026-60015,103,Rozkrój,OK,51,51,0,2026-01-04 18:03:00
137,ZLE-2026-64268,101,Pakowanie,Przezbrojenie,52,79,7,2026-01-04 18:36:00
138,ZLE-2026-97939,103,Wiercenie,OK,16,23,0,2026-01-04 19:14:00
139,ZLE-2026-28141,101,Okleiniowanie,Awaria_Maszyny,50,120,4,2026-01-04 20:07:00
140,ZLE-2026-90356,101,Rozkrój,OK,40,35,1,2026-01-04 20:31:00
141,ZLE-2026-81910,101,Okleiniowanie,OK,25,22,0,2026-01-04 21:20:00
142,ZLE-2026-66044,102,Rozkrój,OK,22,28,0,2026-01-04 21:57:00
143,ZLE-2026-77214,101,Rozkrój,OK,58,55,0,2026-01-04 22:30:00
144,ZLE-2026-43827,101,Wiercenie,OK,54,53,0,2026-01-04 23:21:00
145,ZLE-2026-65820,102,Okleiniowanie,OK,57,62,0,2026-01-04 23:51:00
146,ZLE-2026-72623,101,Wiercenie,OK,36,42,0,2026-01-05 00:47:00
147,ZLE-2026-91734,103,Pakowanie,OK,34,40,0,2026-01-05 01:16:00
148,ZLE-2026-85450,103,Okleiniowanie,Przezbrojenie,22,125,6,2026-01-05 02:06:00
149,ZLE-2026-32299,101,Wiercenie,OK,43,50,0,2026-01-05 02:43:00
150,ZLE-2026-53585,102,Rozkrój,Przezbrojenie,54,93,2,2026-01-05 03:16:00
151,ZLE-2026-74044,103,Wiercenie,OK,40,43,0,2026-01-05 03:52:00
152,ZLE-2026-52557,102,Okleiniowanie,OK,44,45,0,2026-01-05 04:35:00
153,ZLE-2026-59080,102,Pakowanie,OK,31,29,1,2026-01-05 05:29:00
154,ZLE-2026-12693,103,Pakowanie,OK,34,31,2,2026-01-05 05:51:00
155,ZLE-2026-79163,102,Okleiniowanie,OK,30,30,0,2026-01-05 06:46:00
156,ZLE-2026-35939,103,Rozkrój,OK,57,54,0,2026-01-05 07:21:00
157,ZLE-2026-58925,102,Pakowanie,OK,21,21,1,2026-01-05 08:01:00
158,ZLE-2026-52941,103,Wiercenie,Przezbrojenie,30,140,2,2026-01-05 08:46:00
159,ZLE-2026-31834,101,Rozkrój,Awaria_Maszyny,59,123,6,2026-01-05 09:19:00
160,ZLE-2026-28047,103,Okleiniowanie,OK,41,46,0,2026-01-05 09:52:00
161,ZLE-2026-36105,103,Wiercenie,Brak_Materialu,37,69,3,2026-01-05 10:49:00
162,ZLE-2026-85766,103,Rozkrój,OK,38,45,0,2026-01-05 11:27:00
163,ZLE-2026-25707,103,Pakowanie,OK,23,29,0,2026-01-05 12:02:00
164,ZLE-2026-31976,102,Okleiniowanie,OK,49,52,0,2026-01-05 12:41:00
165,ZLE-2026-54262,101,Rozkrój,OK,34,34,1,2026-01-05 13:26:00
166,ZLE-2026-33776,103,Pakowanie,OK,51,57,0,2026-01-05 13:53:00
167,ZLE-2026-40080,102,Okleiniowanie,OK,56,54,0,2026-01-05 14:39:00
168,ZLE-2026-76842,101,Okleiniowanie,OK,31,40,0,2026-01-05 15:20:00
169,ZLE-2026-71373,101,Rozkrój,OK,45,44,0,2026-01-05 15:55:00
170,ZLE-2026-16776,101,Rozkrój,OK,22,29,0,2026-01-05 16:35:00
171,ZLE-2026-65016,101,Wiercenie,OK,29,29,1,2026-01-05 17:18:00
172,ZLE-2026-19474,103,Okleiniowanie,OK,45,50,0,2026-01-05 18:04:00
173,ZLE-2026-68053,103,Wiercenie,OK,44,41,0,2026-01-05 18:31:00
174,ZLE-2026-31959,102,Wiercenie,OK,34,36,1,2026-01-05 19:13:00
175,ZLE-2026-15530,102,Wiercenie,OK,53,51,0,2026-01-05 19:54:00
176,ZLE-2026-13748,102,Rozkrój,Awaria_Maszyny,26,117,4,2026-01-05 20:46:00
177,ZLE-2026-23545,101,Okleiniowanie,OK,31,35,1,2026-01-05 21:17:00
178,ZLE-2026-76199,101,Pakowanie,OK,56,60,0,2026-01-05 21:57:00
179,ZLE-2026-44766,103,Wiercenie,Awaria_Maszyny,44,89,7,2026-01-05 22:41:00
180,ZLE-2026-83530,101,Wiercenie,OK,43,44,1,2026-01-05 23:17:00
181,ZLE-2026-71087,101,Okleiniowanie,OK,33,38,0,2026-01-06 00:08:00
182,ZLE-2026-78840,101,Okleiniowanie,OK,25,32,0,2026-01-06 00:32:00
183,ZLE-2026-64384,102,Wiercenie,OK,48,54,0,2026-01-06 01:27:00
184,ZLE-2026-61005,102,Pakowanie,OK,21,24,1,2026-01-06 02:08:00
185,ZLE-2026-56576,103,Wiercenie,OK,58,56,0,2026-01-06 02:48:00
186,ZLE-2026-49353,101,Pakowanie,Awaria_Maszyny,48,123,5,2026-01-06 03:24:00
187,ZLE-2026-72003,101,Wiercenie,OK,34,31,0,2026-01-06 03:55:00
188,ZLE-2026-93211,103,Rozkrój,OK,52,53,0,2026-01-06 04:45:00
189,ZLE-2026-62733,101,Okleiniowanie,OK,38,35,0,2026-01-06 05:17:00
190,ZLE-2026-75318,101,Rozkrój,OK,24,30,0,2026-01-06 06:05:00
191,ZLE-2026-99474,102,Rozkrój,OK,46,55,0,2026-01-06 06:47:00
192,ZLE-2026-33664,103,Pakowanie,OK,29,38,0,2026-01-06 07:29:00
193,ZLE-2026-77172,103,Okleiniowanie,Awaria_Maszyny,51,125,7,2026-01-06 08:05:00
194,ZLE-2026-95616,103,Okleiniowanie,OK,34,42,0,2026-01-06 08:40:00
195,ZLE-2026-36736,103,Rozkrój,OK,17,22,1,2026-01-06 09:16:00
196,ZLE-2026-10854,102,Okleiniowanie,OK,51,55,0,2026-01-06 10:06:00
197,ZLE-2026-48623,102,Rozkrój,OK,54,58,1,2026-01-06 10:46:00
198,ZLE-2026-17392,101,Rozkrój,OK,22,27,1,2026-01-06 11:21:00
199,ZLE-2026-65680,101,Wiercenie,OK,54,59,0,2026-01-06 12:02:00
200,ZLE-2026-56717,101,Okleiniowanie,OK,58,58,0,2026-01-06 12:39:00
201,ZLE-2026-97092,101,Wiercenie,OK,37,33,1,2026-01-06 13:16:00
202,ZLE-2026-60859,102,Rozkrój,Awaria_Maszyny,54,116,7,2026-01-06 14:03:00
203,ZLE-2026-36309,103,Rozkrój,OK,25,22,1,2026-01-06 14:30:00
204,ZLE-2026-97455,102,Okleiniowanie,Awaria_Maszyny,22,105,6,2026-01-06 15:26:00
205,ZLE-2026-73734,101,Wiercenie,OK,43,43,0,2026-01-06 15:53:00
206,ZLE-2026-80467,102,Wiercenie,OK,44,52,0,2026-01-06 16:34:00
207,ZLE-2026-62662,103,Okleiniowanie,OK,24,22,0,2026-01-06 17:29:00
208,ZLE-2026-22688,103,Okleiniowanie,OK,53,53,1,2026-01-06 17:56:00
209,ZLE-2026-35342,102,Wiercenie,OK,42,37,0,2026-01-06 18:39:00
210,ZLE-2026-47157,102,Rozkrój,OK,50,54,0,2026-01-06 19:26:00
211,ZLE-2026-77863,102,Okleiniowanie,OK,27,33,1,2026-01-06 19:56:00
212,ZLE-2026-62083,101,Pakowanie,OK,46,41,0,2026-01-06 20:30:00
213,ZLE-2026-75733,102,Wiercenie,OK,50,47,0,2026-01-06 21:16:00
214,ZLE-2026-99045,102,Okleiniowanie,Brak_Materialu,51,142,4,2026-01-06 22:00:00
215,ZLE-2026-44698,102,Pakowanie,OK,40,45,0,2026-01-06 22:38:00
216,ZLE-2026-90623,103,Wiercenie,OK,36,34,0,2026-01-06 23:21:00
217,ZLE-2026-32671,103,Okleiniowanie,OK,18,18,0,2026-01-06 23:52:00
218,ZLE-2026-35184,101,Wiercenie,Brak_Materialu,45,111,7,2026-01-07 00:33:00
219,ZLE-2026-52107,101,Wiercenie,Awaria_Maszyny,32,58,2,2026-01-07 01:13:00
220,ZLE-2026-96202,103,Okleiniowanie,OK,52,57,0,2026-01-07 02:02:00
221,ZLE-2026-61663,103,Okleiniowanie,OK,38,39,0,2026-01-07 02:48:00
222,ZLE-2026-25708,103,Okleiniowanie,OK,37,44,0,2026-01-07 03:19:00
223,ZLE-2026-59811,102,Wiercenie,OK,36,34,0,2026-01-07 03:54:00
224,ZLE-2026-12811,102,Okleiniowanie,OK,16,19,0,2026-01-07 04:36:00
225,ZLE-2026-66250,103,Pakowanie,OK,45,51,0,2026-01-07 05:25:00
226,ZLE-2026-82082,102,Wiercenie,OK,25,29,1,2026-01-07 05:50:00
227,ZLE-2026-44754,102,Rozkrój,OK,42,42,0,2026-01-07 06:41:00
228,ZLE-2026-21411,101,Wiercenie,Brak_Materialu,46,77,6,2026-01-07 07:11:00
229,ZLE-2026-12911,103,Okleiniowanie,OK,19,24,0,2026-01-07 07:56:00
230,ZLE-2026-77270,103,Wiercenie,OK,52,49,0,2026-01-07 08:40:00
231,ZLE-2026-93763,102,Wiercenie,OK,24,23,0,2026-01-07 09:22:00
232,ZLE-2026-18680,103,Rozkrój,Przezbrojenie,54,110,3,2026-01-07 09:51:00
233,ZLE-2026-94896,101,Okleiniowanie,OK,38,46,0,2026-01-07 10:36:00
234,ZLE-2026-93879,101,Rozkrój,Przezbrojenie,49,121,7,2026-01-07 11:24:00
235,ZLE-2026-81295,101,Rozkrój,Awaria_Maszyny,58,165,2,2026-01-07 12:00:00
236,ZLE-2026-98614,103,Okleiniowanie,OK,37,40,0,2026-01-07 12:31:00
237,ZLE-2026-21111,103,Okleiniowanie,OK,31,38,0,2026-01-07 13:16:00
238,ZLE-2026-47504,103,Pakowanie,Awaria_Maszyny,15,123,3,2026-01-07 13:53:00
239,ZLE-2026-11802,103,Okleiniowanie,OK,45,52,0,2026-01-07 14:40:00
240,ZLE-2026-18155,103,Okleiniowanie,Brak_Materialu,45,118,6,2026-01-07 15:11:00
241,ZLE-2026-83656,101,Wiercenie,Przezbrojenie,56,132,7,2026-01-07 16:05:00
242,ZLE-2026-49384,102,Rozkrój,OK,56,54,0,2026-01-07 16:36:00
243,ZLE-2026-57254,101,Pakowanie,OK,48,48,0,2026-01-07 17:22:00
244,ZLE-2026-31918,103,Wiercenie,Przezbrojenie,23,46,3,2026-01-07 17:54:00
245,ZLE-2026-95981,101,Wiercenie,OK,36,41,0,2026-01-07 18:46:00
246,ZLE-2026-70713,103,Rozkrój,OK,27,22,0,2026-01-07 19:21:00
247,ZLE-2026-40306,103,Okleiniowanie,OK,39,40,0,2026-01-07 20:08:00
248,ZLE-2026-26646,101,Okleiniowanie,OK,32,40,1,2026-01-07 20:36:00
249,ZLE-2026-56843,103,Pakowanie,Przezbrojenie,26,56,3,2026-01-07 21:15:00
250,ZLE-2026-26371,102,Rozkrój,Awaria_Maszyny,54,165,6,2026-01-07 21:57:00
251,ZLE-2026-87371,103,Okleiniowanie,OK,31,31,0,2026-01-07 22:42:00
252,ZLE-2026-12049,102,Pakowanie,OK,29,32,0,2026-01-07 23:14:00
253,ZLE-2026-41616,102,Okleiniowanie,OK,56,57,1,2026-01-07 23:51:00
254,ZLE-2026-30932,103,Okleiniowanie,Awaria_Maszyny,29,93,4,2026-01-08 00:38:00
255,ZLE-2026-39855,101,Rozkrój,OK,29,30,0,2026-01-08 01:20:00
256,ZLE-2026-71434,102,Pakowanie,OK,53,49,0,2026-01-08 01:55:00
257,ZLE-2026-82694,101,Rozkrój,OK,27,33,0,2026-01-08 02:36:00
258,ZLE-2026-53016,102,Wiercenie,OK,31,36,0,2026-01-08 03:16:00
259,ZLE-2026-17400,103,Wiercenie,Przezbrojenie,46,122,7,2026-01-08 04:08:00
260,ZLE-2026-52642,103,Rozkrój,OK,23,27,0,2026-01-08 04:35:00
261,ZLE-2026-25151,102,Wiercenie,OK,54,57,0,2026-01-08 05:20:00
262,ZLE-2026-61407,103,Rozkrój,OK,34,34,0,2026-01-08 06:00:00
263,ZLE-2026-76690,102,Okleiniowanie,Przezbrojenie,40,88,5,2026-01-08 06:36:00
264,ZLE-2026-14499,103,Wiercenie,OK,41,38,0,2026-01-08 07:11:00
265,ZLE-2026-16295,101,Pakowanie,OK,35,30,0,2026-01-08 08:08:00
266,ZLE-2026-69040,103,Wiercenie,OK,32,30,0,2026-01-08 08:33:00
267,ZLE-2026-22183,101,Okleiniowanie,Awaria_Maszyny,27,60,5,2026-01-08 09:15:00
268,ZLE-2026-39299,103,Rozkrój,OK,30,38,0,2026-01-08 10:06:00
269,ZLE-2026-22874,101,Rozkrój,OK,23,20,1,2026-01-08 10:34:00
270,ZLE-2026-42711,103,Rozkrój,OK,26,34,0,2026-01-08 11:16:00
271,ZLE-2026-15539,101,Rozkrój,OK,58,64,1,2026-01-08 11:58:00
272,ZLE-2026-63351,102,Okleiniowanie,OK,52,47,0,2026-01-08 12:30:00
273,ZLE-2026-71267,102,Okleiniowanie,Awaria_Maszyny,33,119,3,2026-01-08 13:10:00
274,ZLE-2026-58354,101,Okleiniowanie,OK,21,29,0,2026-01-08 14:08:00
275,ZLE-2026-12557,103,Rozkrój,OK,49,57,0,2026-01-08 14:35:00
276,ZLE-2026-48360,101,Okleiniowanie,OK,32,30,0,2026-01-08 15:27:00
277,ZLE-2026-92018,103,Pakowanie,OK,30,37,1,2026-01-08 15:59:00
278,ZLE-2026-12200,102,Okleiniowanie,OK,53,60,1,2026-01-08 16:40:00
279,ZLE-2026-78497,103,Pakowanie,Awaria_Maszyny,18,116,5,2026-01-08 17:10:00
280,ZLE-2026-56975,102,Pakowanie,OK,39,47,1,2026-01-08 17:50:00
281,ZLE-2026-31357,103,Rozkrój,OK,46,48,0,2026-01-08 18:42:00
282,ZLE-2026-87505,103,Wiercenie,OK,54,57,0,2026-01-08 19:14:00
283,ZLE-2026-12869,103,Wiercenie,OK,27,24,0,2026-01-08 20:09:00
284,ZLE-2026-71135,101,Wiercenie,OK,59,59,0,2026-01-08 20:30:00
285,ZLE-2026-60108,101,Okleiniowanie,OK,31,35,0,2026-01-08 21:29:00
286,ZLE-2026-48467,102,Okleiniowanie,Przezbrojenie,51,117,6,2026-01-08 21:52:00
287,ZLE-2026-33328,102,Okleiniowanie,OK,20,19,0,2026-01-08 22:47:00
288,ZLE-2026-96831,101,Okleiniowanie,OK,33,33,0,2026-01-08 23:18:00
289,ZLE-2026-13987,102,Wiercenie,Przezbrojenie,27,84,3,2026-01-09 00:03:00
290,ZLE-2026-68871,101,Wiercenie,OK,40,41,0,2026-01-09 00:46:00
291,ZLE-2026-32399,103,Okleiniowanie,OK,28,31,0,2026-01-09 01:23:00
292,ZLE-2026-56214,102,Wiercenie,OK,45,49,0,2026-01-09 01:53:00
293,ZLE-2026-96416,102,Rozkrój,OK,18,19,0,2026-01-09 02:34:00
294,ZLE-2026-80271,101,Rozkrój,OK,53,53,0,2026-01-09 03:26:00
295,ZLE-2026-54064,102,Pakowanie,OK,22,17,0,2026-01-09 03:51:00
296,ZLE-2026-80091,102,Okleiniowanie,OK,39,35,0,2026-01-09 04:34:00
297,ZLE-2026-50818,103,Rozkrój,Awaria_Maszyny,27,87,4,2026-01-09 05:13:00
298,ZLE-2026-55525,102,Rozkrój,OK,46,50,0,2026-01-09 05:53:00
299,ZLE-2026-29830,103,Rozkrój,OK,52,56,0,2026-01-09 06:35:00
300,ZLE-2026-27429,101,Pakowanie,OK,52,55,0,2026-01-09 07:29:00
301,ZLE-2026-16893,102,Wiercenie,OK,42,43,0,2026-01-09 08:02:00
302,ZLE-2026-89909,103,Pakowanie,OK,44,51,0,2026-01-09 08:34:00
303,ZLE-2026-57333,101,Wiercenie,Brak_Materialu,17,86,4,2026-01-09 09:16:00
304,ZLE-2026-13436,102,Okleiniowanie,Awaria_Maszyny,42,152,3,2026-01-09 10:09:00
305,ZLE-2026-84290,101,Okleiniowanie,OK,17,15,1,2026-01-09 10:30:00
306,ZLE-2026-86213,102,Wiercenie,Przezbrojenie,59,111,6,2026-01-09 11:23:00
307,ZLE-2026-15895,101,Rozkrój,OK,48,43,1,2026-01-09 11:53:00
308,ZLE-2026-29738,101,Pakowanie,OK,30,36,0,2026-01-09 12:46:00
309,ZLE-2026-40746,103,Pakowanie,OK,36,35,0,2026-01-09 13:23:00
310,ZLE-2026-59377,101,Okleiniowanie,Brak_Materialu,46,125,4,2026-01-09 14:05:00
311,ZLE-2026-58404,102,Pakowanie,OK,52,48,0,2026-01-09 14:43:00
312,ZLE-2026-64045,102,Pakowanie,OK,22,20,0,2026-01-09 15:25:00
313,ZLE-2026-49790,103,Wiercenie,Awaria_Maszyny,22,58,2,2026-01-09 16:09:00
314,ZLE-2026-15600,102,Rozkrój,OK,20,18,0,2026-01-09 16:37:00
315,ZLE-2026-50764,102,Okleiniowanie,OK,28,33,0,2026-01-09 17:12:00
316,ZLE-2026-84543,102,Okleiniowanie,OK,46,46,0,2026-01-09 18:08:00
317,ZLE-2026-55714,101,Rozkrój,OK,49,53,0,2026-01-09 18:30:00
318,ZLE-2026-66835,101,Rozkrój,OK,24,22,0,2026-01-09 19:11:00
319,ZLE-2026-83744,102,Wiercenie,OK,17,12,0,2026-01-09 20:04:00
320,ZLE-2026-66491,103,Rozkrój,OK,26,27,0,2026-01-09 20:39:00
321,ZLE-2026-28589,101,Wiercenie,Awaria_Maszyny,45,158,2,2026-01-09 21:27:00
322,ZLE-2026-53484,103,Pakowanie,OK,43,39,1,2026-01-09 22:03:00
323,ZLE-2026-92989,102,Pakowanie,OK,19,22,0,2026-01-09 22:46:00
324,ZLE-2026-46212,102,Okleiniowanie,OK,39,46,0,2026-01-09 23:22:00
325,ZLE-2026-53525,101,Pakowanie,OK,55,52,1,2026-01-09 23:50:00
326,ZLE-2026-57202,102,Rozkrój,OK,45,47,0,2026-01-10 00:34:00
327,ZLE-2026-42635,101,Rozkrój,OK,35,42,0,2026-01-10 01:22:00
328,ZLE-2026-73208,102,Wiercenie,OK,34,36,1,2026-01-10 02:03:00
329,ZLE-2026-43828,102,Okleiniowanie,OK,53,50,0,2026-01-10 02:32:00
330,ZLE-2026-28711,101,Okleiniowanie,OK,36,34,0,2026-01-10 03:24:00
331,ZLE-2026-13420,101,Wiercenie,OK,18,14,0,2026-01-10 04:08:00
332,ZLE-2026-10301,101,Rozkrój,OK,27,25,0,2026-01-10 04:46:00
333,ZLE-2026-55236,102,Rozkrój,OK,59,64,1,2026-01-10 05:12:00
334,ZLE-2026-76235,102,Okleiniowanie,OK,56,61,0,2026-01-10 06:05:00
335,ZLE-2026-64240,103,Wiercenie,OK,34,39,0,2026-01-10 06:43:00
336,ZLE-2026-75726,101,Wiercenie,OK,27,35,0,2026-01-10 07:21:00
337,ZLE-2026-20492,102,Okleiniowanie,Awaria_Maszyny,31,68,2,2026-01-10 08:01:00
338,ZLE-2026-16102,102,Okleiniowanie,OK,50,56,0,2026-01-10 08:40:00
339,ZLE-2026-60336,101,Rozkrój,OK,47,53,0,2026-01-10 09:26:00
340,ZLE-2026-95314,103,Rozkrój,Awaria_Maszyny,15,63,2,2026-01-10 09:57:00
341,ZLE-2026-36641,101,Wiercenie,OK,29,26,0,2026-01-10 10:46:00
342,ZLE-2026-44584,103,Okleiniowanie,OK,27,36,0,2026-01-10 11:29:00
343,ZLE-2026-42745,102,Rozkrój,OK,31,36,0,2026-01-10 12:00:00
344,ZLE-2026-33093,103,Wiercenie,OK,38,43,0,2026-01-10 12:31:00
345,ZLE-2026-76105,102,Wiercenie,Brak_Materialu,22,72,7,2026-01-10 13:19:00
346,ZLE-2026-61885,101,Wiercenie,OK,41,39,0,2026-01-10 13:59:00
347,ZLE-2026-46631,101,Rozkrój,Przezbrojenie,59,115,7,2026-01-10 14:40:00
348,ZLE-2026-82991,101,Rozkrój,OK,37,32,0,2026-01-10 15:15:00
349,ZLE-2026-14014,103,Rozkrój,OK,22,23,0,2026-01-10 15:53:00
350,ZLE-2026-21093,102,Rozkrój,OK,22,30,0,2026-01-10 16:41:00
351,ZLE-2026-28070,101,Wiercenie,OK,40,44,0,2026-01-10 17:20:00
352,ZLE-2026-45777,101,Pakowanie,OK,27,28,0,2026-01-10 18:02:00
353,ZLE-2026-66958,102,Wiercenie,Przezbrojenie,53,76,3,2026-01-10 18:34:00
354,ZLE-2026-92074,101,Wiercenie,OK,51,59,0,2026-01-10 19:15:00
355,ZLE-2026-20729,102,Okleiniowanie,OK,42,50,1,2026-01-10 19:50:00
356,ZLE-2026-55017,102,Wiercenie,OK,39,39,0,2026-01-10 20:35:00
357,ZLE-2026-76320,102,Okleiniowanie,OK,30,35,0,2026-01-10 21:27:00
358,ZLE-2026-37751,102,Okleiniowanie,OK,16,12,0,2026-01-10 21:58:00
359,ZLE-2026-88069,102,Okleiniowanie,OK,32,38,0,2026-01-10 22:44:00
360,ZLE-2026-64748,103,Rozkrój,OK,31,37,0,2026-01-10 23:17:00
361,ZLE-2026-15801,101,Okleiniowanie,OK,44,52,0,2026-01-11 00:08:00
362,ZLE-2026-29190,103,Pakowanie,OK,53,51,0,2026-01-11 00:45:00
363,ZLE-2026-59689,101,Rozkrój,Brak_Materialu,27,64,3,2026-01-11 01:15:00
364,ZLE-2026-60993,103,Rozkrój,Awaria_Maszyny,46,155,5,2026-01-11 01:55:00
365,ZLE-2026-39592,102,Okleiniowanie,OK,43,42,1,2026-01-11 02:32:00
366,ZLE-2026-20647,101,Wiercenie,OK,44,53,1,2026-01-11 03:19:00
367,ZLE-2026-18716,101,Wiercenie,Przezbrojenie,32,122,7,2026-01-11 03:50:00
368,ZLE-2026-98891,103,Wiercenie,OK,27,34,0,2026-01-11 04:43:00
369,ZLE-2026-97545,103,Rozkrój,Brak_Materialu,57,77,3,2026-01-11 05:13:00
370,ZLE-2026-99912,101,Wiercenie,OK,35,44,0,2026-01-11 06:01:00
371,ZLE-2026-80316,103,Okleiniowanie,OK,44,48,0,2026-01-11 06:35:00
372,ZLE-2026-12368,103,Pakowanie,OK,35,39,1,2026-01-11 07:20:00
373,ZLE-2026-87575,103,Wiercenie,Przezbrojenie,31,137,2,2026-01-11 08:01:00
374,ZLE-2026-16655,102,Rozkrój,OK,54,58,0,2026-01-11 08:39:00
375,ZLE-2026-80031,102,Rozkrój,OK,33,40,0,2026-01-11 09:27:00
376,ZLE-2026-86429,103,Rozkrój,OK,29,29,0,2026-01-11 09:56:00
377,ZLE-2026-97922,103,Okleiniowanie,OK,23,23,0,2026-01-11 10:36:00
378,ZLE-2026-65766,102,Okleiniowanie,OK,24,30,0,2026-01-11 11:20:00
379,ZLE-2026-23403,102,Wiercenie,OK,58,60,0,2026-01-11 11:53:00
380,ZLE-2026-42097,101,Okleiniowanie,Przezbrojenie,45,88,2,2026-01-11 12:49:00
381,ZLE-2026-88657,101,Okleiniowanie,OK,37,37,0,2026-01-11 13:10:00
382,ZLE-2026-20966,102,Rozkrój,OK,44,41,0,2026-01-11 14:02:00
383,ZLE-2026-62921,103,Rozkrój,OK,47,46,0,2026-01-11 14:47:00
384,ZLE-2026-59726,103,Pakowanie,OK,23,19,0,2026-01-11 15:18:00
385,ZLE-2026-60300,103,Rozkrój,OK,15,24,0,2026-01-11 15:58:00
386,ZLE-2026-32677,103,Wiercenie,OK,58,66,1,2026-01-11 16:38:00
387,ZLE-2026-65609,101,Pakowanie,OK,49,48,0,2026-01-11 17:19:00
388,ZLE-2026-66661,102,Wiercenie,Przezbrojenie,25,74,4,2026-01-11 17:51:00
389,ZLE-2026-41024,103,Pakowanie,Przezbrojenie,48,109,3,2026-01-11 18:35:00
390,ZLE-2026-80313,101,Okleiniowanie,OK,30,25,0,2026-01-11 19:24:00
391,ZLE-2026-63006,103,Pakowanie,Przezbrojenie,23,116,7,2026-01-11 19:52:00
392,ZLE-2026-25338,102,Rozkrój,OK,46,45,0,2026-01-11 20:40:00
393,ZLE-2026-78027,101,Rozkrój,OK,29,35,1,2026-01-11 21:15:00
394,ZLE-2026-90135,102,Wiercenie,OK,26,26,0,2026-01-11 21:52:00
395,ZLE-2026-29508,102,Pakowanie,OK,47,55,0,2026-01-11 22:40:00
396,ZLE-2026-13051,101,Pakowanie,OK,59,64,1,2026-01-11 23:24:00
397,ZLE-2026-58747,101,Rozkrój,Awaria_Maszyny,28,86,5,2026-01-12 00:02:00
398,ZLE-2026-97142,101,Okleiniowanie,OK,22,25,0,2026-01-12 00:49:00
399,ZLE-2026-97235,101,Pakowanie,Brak_Materialu,22,62,6,2026-01-12 01:19:00
400,ZLE-2026-64021,101,Okleiniowanie,OK,41,47,1,2026-01-12 01:55:00
401,ZLE-2026-76412,101,Wiercenie,OK,26,27,1,2026-01-12 02:44:00
402,ZLE-2026-68335,101,Pakowanie,Przezbrojenie,15,63,2,2026-01-12 03:27:00
403,ZLE-2026-66179,103,Okleiniowanie,OK,57,52,1,2026-01-12 04:07:00
404,ZLE-2026-42093,102,Okleiniowanie,OK,54,59,0,2026-01-12 04:36:00
405,ZLE-2026-79678,101,Okleiniowanie,OK,56,64,0,2026-01-12 05:24:00
406,ZLE-2026-90738,103,Rozkrój,OK,25,24,0,2026-01-12 06:07:00
407,ZLE-2026-49734,103,Pakowanie,OK,53,62,0,2026-01-12 06:47:00
408,ZLE-2026-82615,103,Okleiniowanie,OK,57,53,0,2026-01-12 07:29:00
409,ZLE-2026-83523,102,Pakowanie,OK,45,43,0,2026-01-12 07:58:00
410,ZLE-2026-27019,101,Rozkrój,Przezbrojenie,31,94,3,2026-01-12 08:31:00
411,ZLE-2026-93613,103,Pakowanie,OK,47,47,0,2026-01-12 09:17:00
412,ZLE-2026-96672,102,Okleiniowanie,OK,46,42,0,2026-01-12 10:09:00
413,ZLE-2026-83847,102,Rozkrój,OK,43,40,0,2026-01-12 10:31:00
414,ZLE-2026-92750,102,Rozkrój,Brak_Materialu,35,61,3,2026-01-12 11:20:00
415,ZLE-2026-89634,103,Wiercenie,OK,35,40,1,2026-01-12 11:56:00
416,ZLE-2026-38251,101,Wiercenie,OK,54,50,0,2026-01-12 12:35:00
417,ZLE-2026-35945,103,Pakowanie,OK,37,43,0,2026-01-12 13:19:00
418,ZLE-2026-42217,103,Rozkrój,OK,20,20,1,2026-01-12 13:54:00
419,ZLE-2026-18308,101,Rozkrój,Awaria_Maszyny,36,92,5,2026-01-12 14:40:00
420,ZLE-2026-15949,101,Okleiniowanie,OK,52,56,0,2026-01-12 15:10:00
421,ZLE-2026-61990,101,Okleiniowanie,OK,51,46,1,2026-01-12 15:51:00
422,ZLE-2026-11150,102,Okleiniowanie,OK,59,65,0,2026-01-12 16:30:00
423,ZLE-2026-99480,101,Pakowanie,OK,22,27,2,2026-01-12 17:28:00
424,ZLE-2026-84740,103,Pakowanie,Przezbrojenie,55,169,4,2026-01-12 17:51:00
425,ZLE-2026-76617,101,Pakowanie,Przezbrojenie,49,79,7,2026-01-12 18:49:00
426,ZLE-2026-26896,103,Wiercenie,OK,25,23,0,2026-01-12 19:13:00
427,ZLE-2026-56175,102,Okleiniowanie,Awaria_Maszyny,38,139,3,2026-01-12 20:01:00
428,ZLE-2026-17805,103,Okleiniowanie,OK,35,33,0,2026-01-12 20:49:00
429,ZLE-2026-15237,103,Okleiniowanie,OK,16,11,0,2026-01-12 21:27:00
430,ZLE-2026-30056,101,Pakowanie,OK,54,50,0,2026-01-12 21:50:00
431,ZLE-2026-55543,101,Rozkrój,OK,33,40,1,2026-01-12 22:30:00
432,ZLE-2026-66556,103,Okleiniowanie,OK,53,55,0,2026-01-12 23:23:00
433,ZLE-2026-13343,101,Rozkrój,Przezbrojenie,42,83,3,2026-01-12 23:53:00
434,ZLE-2026-23500,102,Okleiniowanie,OK,31,27,0,2026-01-13 00:34:00
435,ZLE-2026-63222,102,Pakowanie,Awaria_Maszyny,20,83,7,2026-01-13 01:20:00
436,ZLE-2026-39375,101,Wiercenie,OK,33,42,1,2026-01-13 02:02:00
437,ZLE-2026-19662,102,Rozkrój,Awaria_Maszyny,52,77,3,2026-01-13 02:45:00
438,ZLE-2026-26964,101,Pakowanie,OK,42,46,0,2026-01-13 03:22:00
439,ZLE-2026-69638,103,Wiercenie,OK,16,19,0,2026-01-13 03:51:00
440,ZLE-2026-83666,103,Rozkrój,OK,52,53,0,2026-01-13 04:45:00
441,ZLE-2026-95067,102,Okleiniowanie,OK,51,54,1,2026-01-13 05:15:00
442,ZLE-2026-77215,101,Okleiniowanie,OK,18,17,0,2026-01-13 06:03:00
443,ZLE-2026-79042,101,Rozkrój,OK,36,37,0,2026-01-13 06:30:00
444,ZLE-2026-23284,102,Pakowanie,OK,40,45,2,2026-01-13 07:26:00
445,ZLE-2026-82789,103,Okleiniowanie,OK,57,66,1,2026-01-13 08:00:00
446,ZLE-2026-94664,102,Pakowanie,OK,50,58,0,2026-01-13 08:48:00
447,ZLE-2026-71389,103,Okleiniowanie,OK,27,28,0,2026-01-13 09:12:00
448,ZLE-2026-19435,101,Rozkrój,OK,46,52,0,2026-01-13 10:00:00
449,ZLE-2026-64340,103,Okleiniowanie,OK,31,37,0,2026-01-13 10:34:00
450,ZLE-2026-54078,102,Rozkrój,Brak_Materialu,55,125,7,2026-01-13 11:26:00
451,ZLE-2026-88832,101,Okleiniowanie,OK,50,51,0,2026-01-13 11:56:00
452,ZLE-2026-61293,102,Pakowanie,Brak_Materialu,33,101,2,2026-01-13 12:39:00
453,ZLE-2026-88781,102,Okleiniowanie,OK,49,52,0,2026-01-13 13:20:00
454,ZLE-2026-70403,103,Wiercenie,Przezbrojenie,54,131,6,2026-01-13 13:52:00
455,ZLE-2026-39124,102,Rozkrój,Przezbrojenie,42,106,4,2026-01-13 14:49:00
456,ZLE-2026-53919,103,Rozkrój,OK,15,15,0,2026-01-13 15:19:00
457,ZLE-2026-45247,101,Rozkrój,OK,56,55,0,2026-01-13 15:59:00
458,ZLE-2026-72752,103,Wiercenie,OK,32,33,0,2026-01-13 16:43:00
459,ZLE-2026-66573,101,Rozkrój,OK,54,53,0,2026-01-13 17:21:00
460,ZLE-2026-69101,103,Okleiniowanie,OK,47,51,0,2026-01-13 18:04:00
461,ZLE-2026-36646,102,Wiercenie,OK,26,25,0,2026-01-13 18:39:00
462,ZLE-2026-33049,103,Okleiniowanie,OK,22,27,0,2026-01-13 19:19:00
463,ZLE-2026-89605,103,Rozkrój,OK,38,42,0,2026-01-13 20:08:00
464,ZLE-2026-78385,101,Okleiniowanie,OK,30,35,0,2026-01-13 20:30:00
465,ZLE-2026-50158,102,Pakowanie,OK,18,19,0,2026-01-13 21:19:00
466,ZLE-2026-75417,103,Wiercenie,Przezbrojenie,52,86,5,2026-01-13 21:51:00
467,ZLE-2026-33289,102,Okleiniowanie,OK,58,59,0,2026-01-13 22:46:00
468,ZLE-2026-19823,103,Rozkrój,OK,41,48,1,2026-01-13 23:16:00
469,ZLE-2026-70160,103,Pakowanie,OK,23,28,0,2026-01-13 23:56:00
470,ZLE-2026-51975,102,Wiercenie,Awaria_Maszyny,30,52,3,2026-01-14 00:49:00
471,ZLE-2026-19540,103,Okleiniowanie,Brak_Materialu,26,128,7,2026-01-14 01:18:00
472,ZLE-2026-26364,102,Pakowanie,Awaria_Maszyny,45,74,7,2026-01-14 01:51:00
473,ZLE-2026-14611,103,Okleiniowanie,Przezbrojenie,38,149,7,2026-01-14 02:43:00
474,ZLE-2026-37663,101,Okleiniowanie,OK,28,35,0,2026-01-14 03:26:00
475,ZLE-2026-61991,102,Wiercenie,Awaria_Maszyny,59,157,2,2026-01-14 03:50:00
476,ZLE-2026-67679,103,Rozkrój,OK,39,36,0,2026-01-14 04:38:00
477,ZLE-2026-40977,103,Pakowanie,OK,48,48,0,2026-01-14 05:29:00
478,ZLE-2026-59115,101,Wiercenie,Przezbrojenie,17,48,6,2026-01-14 06:08:00
479,ZLE-2026-98223,102,Wiercenie,OK,38,47,1,2026-01-14 06:33:00
480,ZLE-2026-70890,103,Rozkrój,OK,56,56,0,2026-01-14 07:17:00
481,ZLE-2026-76387,101,Rozkrój,OK,23,30,0,2026-01-14 08:02:00
482,ZLE-2026-28071,103,Okleiniowanie,OK,40,47,0,2026-01-14 08:33:00
483,ZLE-2026-69275,102,Wiercenie,OK,34,31,0,2026-01-14 09:18:00
484,ZLE-2026-82369,103,Okleiniowanie,OK,54,51,0,2026-01-14 09:58:00
485,ZLE-2026-21938,103,Okleiniowanie,OK,24,26,0,2026-01-14 10:47:00
486,ZLE-2026-45195,103,Wiercenie,OK,33,35,1,2026-01-14 11:21:00
487,ZLE-2026-14000,103,Rozkrój,Awaria_Maszyny,17,120,4,2026-01-14 11:59:00
488,ZLE-2026-80588,101,Wiercenie,OK,38,47,0,2026-01-14 12:40:00
489,ZLE-2026-48304,101,Rozkrój,OK,19,17,0,2026-01-14 13:16:00
490,ZLE-2026-79449,102,Pakowanie,Brak_Materialu,17,87,4,2026-01-14 13:58:00
491,ZLE-2026-92986,101,Okleiniowanie,Awaria_Maszyny,41,145,2,2026-01-14 14:35:00
492,ZLE-2026-99643,101,Rozkrój,OK,30,27,0,2026-01-14 15:28:00
493,ZLE-2026-30764,102,Okleiniowanie,OK,29,36,0,2026-01-14 16:05:00
494,ZLE-2026-96027,101,Okleiniowanie,Awaria_Maszyny,49,76,4,2026-01-14 16:44:00
495,ZLE-2026-48494,101,Wiercenie,Brak_Materialu,26,132,4,2026-01-14 17:16:00
496,ZLE-2026-13373,102,Wiercenie,OK,55,62,1,2026-01-14 18:05:00
497,ZLE-2026-22161,102,Wiercenie,OK,58,55,2,2026-01-14 18:34:00
498,ZLE-2026-37350,102,Rozkrój,OK,40,43,0,2026-01-14 19:25:00
499,ZLE-2026-35351,103,Rozkrój,OK,48,54,0,2026-01-14 19:50:00
500,ZLE-2026-98668,103,Rozkrój,OK,37,45,0,2026-01-14 20:48:00
501,ZLE-2026-25305,102,Wiercenie,OK,45,52,1,2026-01-14 21:14:00
502,ZLE-2026-85353,102,Pakowanie,OK,34,33,0,2026-01-14 21:56:00
503,ZLE-2026-86797,102,Okleiniowanie,OK,26,29,1,2026-01-14 22:48:00
504,ZLE-2026-75953,103,Rozkrój,OK,37,38,0,2026-01-14 23:14:00
505,ZLE-2026-67458,103,Wiercenie,Awaria_Maszyny,18,52,5,2026-01-15 00:06:00
506,ZLE-2026-30358,101,Pakowanie,OK,37,38,1,2026-01-15 00:37:00
507,ZLE-2026-13267,101,Wiercenie,OK,15,15,1,2026-01-15 01:10:00
508,ZLE-2026-92745,102,Pakowanie,Awaria_Maszyny,39,156,5,2026-01-15 01:51:00
509,ZLE-2026-99588,103,Okleiniowanie,OK,16,19,0,2026-01-15 02:44:00
510,ZLE-2026-48513,103,Rozkrój,OK,44,44,0,2026-01-15 03:29:00
511,ZLE-2026-36092,103,Pakowanie,OK,17,19,0,2026-01-15 04:07:00
512,ZLE-2026-21338,102,Wiercenie,OK,35,30,0,2026-01-15 04:40:00
513,ZLE-2026-10412,101,Okleiniowanie,Awaria_Maszyny,39,102,3,2026-01-15 05:19:00
514,ZLE-2026-17543,102,Wiercenie,OK,34,29,0,2026-01-15 05:53:00
515,ZLE-2026-43496,101,Pakowanie,OK,36,40,0,2026-01-15 06:34:00
516,ZLE-2026-70692,101,Wiercenie,OK,35,40,0,2026-01-15 07:13:00
517,ZLE-2026-99084,102,Wiercenie,OK,47,55,0,2026-01-15 08:02:00
518,ZLE-2026-54425,101,Okleiniowanie,Przezbrojenie,52,143,2,2026-01-15 08:42:00
519,ZLE-2026-48756,101,Okleiniowanie,OK,29,31,0,2026-01-15 09:27:00
520,ZLE-2026-28888,103,Okleiniowanie,OK,29,24,0,2026-01-15 09:51:00
521,ZLE-2026-45735,101,Pakowanie,OK,39,42,0,2026-01-15 10:45:00
522,ZLE-2026-57295,102,Pakowanie,OK,35,31,1,2026-01-15 11:10:00
523,ZLE-2026-93042,102,Pakowanie,OK,38,44,0,2026-01-15 12:08:00
524,ZLE-2026-95999,101,Rozkrój,OK,19,22,0,2026-01-15 12:38:00
525,ZLE-2026-27955,103,Wiercenie,OK,20,15,0,2026-01-15 13:12:00
526,ZLE-2026-47841,103,Wiercenie,OK,57,63,0,2026-01-15 13:56:00
527,ZLE-2026-80640,101,Wiercenie,OK,58,62,0,2026-01-15 14:39:00
528,ZLE-2026-75510,101,Wiercenie,OK,37,45,1,2026-01-15 15:10:00
529,ZLE-2026-44911,102,Pakowanie,OK,18,26,2,2026-01-15 15:59:00
530,ZLE-2026-69031,101,Okleiniowanie,Brak_Materialu,41,101,7,2026-01-15 16:38:00
531,ZLE-2026-98726,103,Okleiniowanie,OK,32,30,0,2026-01-15 17:24:00
532,ZLE-2026-17357,101,Rozkrój,OK,35,38,0,2026-01-15 18:04:00
533,ZLE-2026-42479,102,Okleiniowanie,OK,42,43,0,2026-01-15 18:32:00
534,ZLE-2026-71476,102,Wiercenie,OK,49,54,0,2026-01-15 19:14:00
535,ZLE-2026-54811,102,Wiercenie,OK,36,36,0,2026-01-15 19:58:00
536,ZLE-2026-46208,102,Rozkrój,OK,54,63,1,2026-01-15 20:38:00
537,ZLE-2026-30150,102,Rozkrój,OK,37,36,1,2026-01-15 21:16:00
538,ZLE-2026-81180,101,Wiercenie,OK,17,22,0,2026-01-15 22:01:00
539,ZLE-2026-53286,101,Rozkrój,Brak_Materialu,54,98,6,2026-01-15 22:38:00
540,ZLE-2026-78450,101,Rozkrój,OK,24,20,0,2026-01-15 23:15:00
541,ZLE-2026-31352,101,Rozkrój,OK,39,47,0,2026-01-15 23:51:00
542,ZLE-2026-65069,102,Rozkrój,OK,22,29,0,2026-01-16 00:38:00
543,ZLE-2026-24397,103,Rozkrój,OK,25,30,0,2026-01-16 01:26:00
544,ZLE-2026-51555,101,Okleiniowanie,OK,19,27,1,2026-01-16 01:50:00
545,ZLE-2026-56959,103,Okleiniowanie,Przezbrojenie,59,106,5,2026-01-16 02:48:00
546,ZLE-2026-10728,101,Pakowanie,OK,51,47,0,2026-01-16 03:15:00
547,ZLE-2026-60517,101,Okleiniowanie,OK,59,64,0,2026-01-16 03:54:00
548,ZLE-2026-76234,103,Wiercenie,OK,52,58,0,2026-01-16 04:31:00
549,ZLE-2026-49954,102,Rozkrój,OK,43,52,0,2026-01-16 05:18:00
550,ZLE-2026-57280,101,Rozkrój,OK,19,22,0,2026-01-16 06:03:00
551,ZLE-2026-89459,101,Wiercenie,OK,23,29,0,2026-01-16 06:33:00
552,ZLE-2026-26779,101,Rozkrój,OK,16,13,0,2026-01-16 07:13:00
553,ZLE-2026-73932,103,Okleiniowanie,OK,15,17,0,2026-01-16 08:04:00
554,ZLE-2026-82936,102,Wiercenie,OK,54,59,1,2026-01-16 08:37:00
555,ZLE-2026-34466,103,Wiercenie,OK,44,53,0,2026-01-16 09:13:00
556,ZLE-2026-46939,103,Rozkrój,OK,25,28,0,2026-01-16 10:05:00
557,ZLE-2026-79896,102,Okleiniowanie,OK,42,44,0,2026-01-16 10:33:00
558,ZLE-2026-45270,103,Wiercenie,OK,58,56,0,2026-01-16 11:25:00
559,ZLE-2026-69163,102,Rozkrój,OK,26,32,0,2026-01-16 12:01:00
560,ZLE-2026-92637,101,Wiercenie,OK,53,48,1,2026-01-16 12:45:00
561,ZLE-2026-61934,102,Wiercenie,Przezbrojenie,40,127,5,2026-01-16 13:28:00
562,ZLE-2026-74895,101,Pakowanie,OK,27,35,0,2026-01-16 13:57:00
563,ZLE-2026-42307,103,Rozkrój,OK,22,25,0,2026-01-16 14:35:00
564,ZLE-2026-64098,103,Pakowanie,OK,42,38,0,2026-01-16 15:19:00
565,ZLE-2026-70921,101,Okleiniowanie,OK,44,41,0,2026-01-16 15:54:00
566,ZLE-2026-15486,103,Okleiniowanie,OK,23,27,1,2026-01-16 16:47:00
567,ZLE-2026-18335,102,Rozkrój,OK,53,55,0,2026-01-16 17:19:00
568,ZLE-2026-96900,101,Wiercenie,Przezbrojenie,45,70,2,2026-01-16 17:59:00
569,ZLE-2026-99112,103,Rozkrój,OK,35,37,0,2026-01-16 18:36:00
570,ZLE-2026-21130,101,Okleiniowanie,OK,48,49,0,2026-01-16 19:27:00
571,ZLE-2026-97508,102,Rozkrój,OK,45,53,1,2026-01-16 19:50:00
572,ZLE-2026-70566,102,Pakowanie,OK,39,46,0,2026-01-16 20:36:00
573,ZLE-2026-76703,103,Wiercenie,OK,26,33,1,2026-01-16 21:10:00
574,ZLE-2026-37192,102,Wiercenie,OK,15,14,0,2026-01-16 22:04:00
575,ZLE-2026-11062,101,Okleiniowanie,OK,36,39,0,2026-01-16 22:33:00
576,ZLE-2026-94076,102,Rozkrój,Awaria_Maszyny,54,93,5,2026-01-16 23:29:00
577,ZLE-2026-99780,101,Wiercenie,OK,51,51,0,2026-01-16 23:59:00
578,ZLE-2026-31545,101,Okleiniowanie,OK,15,11,1,2026-01-17 00:38:00
579,ZLE-2026-31689,102,Rozkrój,OK,15,24,0,2026-01-17 01:11:00
580,ZLE-2026-21174,103,Wiercenie,OK,56,52,0,2026-01-17 02:03:00
581,ZLE-2026-98461,102,Pakowanie,OK,56,52,0,2026-01-17 02:45:00
582,ZLE-2026-19348,101,Wiercenie,OK,35,39,0,2026-01-17 03:10:00
583,ZLE-2026-33714,101,Wiercenie,OK,29,30,0,2026-01-17 03:51:00
584,ZLE-2026-48102,102,Pakowanie,OK,31,38,1,2026-01-17 04:36:00
585,ZLE-2026-84460,103,Rozkrój,OK,36,32,0,2026-01-17 05:19:00
586,ZLE-2026-99930,103,Wiercenie,OK,52,61,0,2026-01-17 06:09:00
587,ZLE-2026-16801,101,Pakowanie,OK,49,58,0,2026-01-17 06:30:00
588,ZLE-2026-82267,101,Rozkrój,OK,59,65,0,2026-01-17 07:22:00
589,ZLE-2026-58136,103,Wiercenie,OK,30,39,1,2026-01-17 07:50:00
590,ZLE-2026-33625,102,Wiercenie,OK,22,29,2,2026-01-17 08:34:00
591,ZLE-2026-92873,101,Wiercenie,OK,31,27,0,2026-01-17 09:25:00
592,ZLE-2026-82592,101,Wiercenie,OK,31,40,0,2026-01-17 10:04:00
593,ZLE-2026-87052,103,Pakowanie,Brak_Materialu,40,114,6,2026-01-17 10:46:00
594,ZLE-2026-54261,102,Wiercenie,OK,27,32,0,2026-01-17 11:25:00
595,ZLE-2026-11542,103,Rozkrój,OK,31,28,1,2026-01-17 12:02:00
596,ZLE-2026-31677,102,Pakowanie,OK,52,49,0,2026-01-17 12:40:00
597,ZLE-2026-56732,102,Rozkrój,OK,31,32,0,2026-01-17 13:26:00
598,ZLE-2026-60343,102,Okleiniowanie,OK,28,27,0,2026-01-17 14:06:00
599,ZLE-2026-49081,101,Okleiniowanie,Awaria_Maszyny,59,104,3,2026-01-17 14:31:00
600,ZLE-2026-72856,103,Okleiniowanie,OK,20,28,0,2026-01-17 15:22:00
601,ZLE-2026-98858,103,Okleiniowanie,OK,49,57,0,2026-01-17 16:03:00
602,ZLE-2026-29065,102,Pakowanie,OK,28,28,0,2026-01-17 16:40:00
603,ZLE-2026-93460,101,Wiercenie,OK,22,29,1,2026-01-17 17:19:00
604,ZLE-2026-98092,101,Wiercenie,OK,29,35,0,2026-01-17 17:52:00
605,ZLE-2026-64693,103,Rozkrój,OK,41,43,0,2026-01-17 18:46:00
606,ZLE-2026-36962,101,Pakowanie,OK,27,30,0,2026-01-17 19:24:00
607,ZLE-2026-38295,101,Pakowanie,OK,45,40,0,2026-01-17 19:58:00
608,ZLE-2026-23807,102,Wiercenie,OK,49,46,0,2026-01-17 20:39:00
609,ZLE-2026-52348,101,Rozkrój,OK,20,25,1,2026-01-17 21:17:00
610,ZLE-2026-36432,102,Rozkrój,Przezbrojenie,19,124,4,2026-01-17 22:02:00
611,ZLE-2026-93285,103,Rozkrój,OK,36,37,0,2026-01-17 22:47:00
612,ZLE-2026-67854,101,Rozkrój,Przezbrojenie,37,112,4,2026-01-17 23:14:00
613,ZLE-2026-50262,103,Okleiniowanie,OK,39,39,0,2026-01-17 23:55:00
614,ZLE-2026-47080,103,Pakowanie,Awaria_Maszyny,48,86,3,2026-01-18 00:46:00
615,ZLE-2026-11324,101,Okleiniowanie,OK,40,36,0,2026-01-18 01:20:00
616,ZLE-2026-45909,101,Rozkrój,OK,19,25,0,2026-01-18 02:09:00
617,ZLE-2026-99339,103,Okleiniowanie,OK,40,41,0,2026-01-18 02:45:00
618,ZLE-2026-29870,101,Rozkrój,OK,34,40,0,2026-01-18 03:18:00
619,ZLE-2026-44578,102,Rozkrój,OK,20,26,0,2026-01-18 03:51:00
620,ZLE-2026-82124,102,Okleiniowanie,OK,20,26,0,2026-01-18 04:34:00
621,ZLE-2026-36790,101,Okleiniowanie,OK,32,37,0,2026-01-18 05:10:00
622,ZLE-2026-35289,103,Wiercenie,OK,18,13,0,2026-01-18 05:53:00
623,ZLE-2026-65129,101,Pakowanie,Przezbrojenie,31,69,3,2026-01-18 06:33:00
624,ZLE-2026-25485,101,Okleiniowanie,Awaria_Maszyny,28,75,6,2026-01-18 07:12:00
625,ZLE-2026-54482,103,Okleiniowanie,Przezbrojenie,28,99,6,2026-01-18 07:58:00
626,ZLE-2026-96188,103,Pakowanie,OK,27,34,0,2026-01-18 08:41:00
627,ZLE-2026-14748,102,Okleiniowanie,OK,21,29,0,2026-01-18 09:19:00
628,ZLE-2026-96769,103,Rozkrój,OK,58,53,0,2026-01-18 09:51:00
629,ZLE-2026-19435,102,Pakowanie,OK,29,28,0,2026-01-18 10:40:00
630,ZLE-2026-13709,103,Rozkrój,OK,33,37,0,2026-01-18 11:19:00
631,ZLE-2026-40355,101,Wiercenie,OK,57,54,0,2026-01-18 11:55:00
632,ZLE-2026-65771,102,Wiercenie,OK,58,54,0,2026-01-18 12:47:00
633,ZLE-2026-67799,102,Okleiniowanie,OK,49,58,1,2026-01-18 13:11:00
634,ZLE-2026-23116,102,Okleiniowanie,Przezbrojenie,31,149,6,2026-01-18 13:51:00
635,ZLE-2026-35470,101,Wiercenie,OK,49,51,0,2026-01-18 14:39:00
636,ZLE-2026-52344,101,Rozkrój,Awaria_Maszyny,33,132,4,2026-01-18 15:25:00
637,ZLE-2026-52918,101,Rozkrój,OK,34,34,0,2026-01-18 16:01:00
638,ZLE-2026-62224,101,Wiercenie,OK,50,57,0,2026-01-18 16:30:00
639,ZLE-2026-49298,101,Okleiniowanie,OK,49,57,0,2026-01-18 17:17:00
640,ZLE-2026-90219,102,Rozkrój,OK,46,47,1,2026-01-18 18:05:00
641,ZLE-2026-71629,101,Pakowanie,OK,58,64,2,2026-01-18 18:47:00
642,ZLE-2026-76040,102,Okleiniowanie,OK,54,54,0,2026-01-18 19:22:00
643,ZLE-2026-38016,101,Pakowanie,OK,38,38,0,2026-01-18 20:04:00
644,ZLE-2026-33960,103,Wiercenie,OK,31,37,1,2026-01-18 20:41:00
645,ZLE-2026-43591,102,Wiercenie,OK,21,18,1,2026-01-18 21:17:00
646,ZLE-2026-92848,103,Okleiniowanie,Przezbrojenie,57,136,5,2026-01-18 21:59:00
647,ZLE-2026-77641,102,Pakowanie,OK,15,22,1,2026-01-18 22:43:00
648,ZLE-2026-46395,103,Rozkrój,OK,49,57,0,2026-01-18 23:14:00
649,ZLE-2026-32700,101,Wiercenie,OK,46,48,1,2026-01-19 00:07:00
650,ZLE-2026-44620,101,Rozkrój,OK,50,56,0,2026-01-19 00:48:00
651,ZLE-2026-30559,101,Okleiniowanie,OK,27,28,0,2026-01-19 01:24:00
652,ZLE-2026-71642,102,Okleiniowanie,OK,20,21,1,2026-01-19 01:55:00
653,ZLE-2026-86539,103,Pakowanie,Przezbrojenie,28,133,2,2026-01-19 02:40:00
654,ZLE-2026-31732,101,Pakowanie,OK,51,50,0,2026-01-19 03:20:00
655,ZLE-2026-40354,103,Rozkrój,Przezbrojenie,29,74,6,2026-01-19 04:09:00
656,ZLE-2026-23843,103,Rozkrój,Brak_Materialu,18,122,7,2026-01-19 04:49:00
657,ZLE-2026-81726,101,Wiercenie,OK,54,57,1,2026-01-19 05:27:00
658,ZLE-2026-27640,101,Okleiniowanie,OK,30,33,0,2026-01-19 06:07:00
659,ZLE-2026-62528,103,Rozkrój,Przezbrojenie,42,126,6,2026-01-19 06:39:00
660,ZLE-2026-48413,101,Wiercenie,OK,30,30,1,2026-01-19 07:11:00
661,ZLE-2026-62638,101,Okleiniowanie,OK,18,19,0,2026-01-19 07:58:00
662,ZLE-2026-62736,101,Pakowanie,Przezbrojenie,59,142,7,2026-01-19 08:43:00
663,ZLE-2026-78866,102,Rozkrój,OK,40,41,0,2026-01-19 09:28:00
664,ZLE-2026-29087,103,Okleiniowanie,OK,42,47,0,2026-01-19 09:59:00
665,ZLE-2026-51430,103,Okleiniowanie,OK,46,51,0,2026-01-19 10:33:00
666,ZLE-2026-34504,102,Wiercenie,OK,59,60,0,2026-01-19 11:15:00
667,ZLE-2026-17114,103,Okleiniowanie,OK,16,24,0,2026-01-19 12:03:00
668,ZLE-2026-88859,101,Wiercenie,OK,45,52,1,2026-01-19 12:33:00
669,ZLE-2026-20975,103,Rozkrój,OK,17,22,0,2026-01-19 13:24:00
670,ZLE-2026-21023,101,Pakowanie,OK,22,18,0,2026-01-19 14:05:00
671,ZLE-2026-31447,102,Okleiniowanie,OK,38,39,0,2026-01-19 14:36:00
672,ZLE-2026-33959,101,Rozkrój,OK,29,38,0,2026-01-19 15:26:00
673,ZLE-2026-76203,103,Wiercenie,OK,57,52,0,2026-01-19 16:08:00
674,ZLE-2026-39703,103,Rozkrój,OK,45,44,1,2026-01-19 16:48:00
675,ZLE-2026-19337,103,Rozkrój,OK,23,26,0,2026-01-19 17:26:00
676,ZLE-2026-56427,102,Pakowanie,OK,53,54,1,2026-01-19 17:55:00
677,ZLE-2026-71529,102,Okleiniowanie,OK,59,60,0,2026-01-19 18:40:00
678,ZLE-2026-94665,103,Wiercenie,Przezbrojenie,16,126,4,2026-01-19 19:25:00
679,ZLE-2026-41921,101,Okleiniowanie,OK,22,29,0,2026-01-19 19:57:00
680,ZLE-2026-43307,102,Wiercenie,OK,21,27,1,2026-01-19 20:40:00
681,ZLE-2026-37355,103,Rozkrój,OK,58,54,1,2026-01-19 21:16:00
682,ZLE-2026-14835,103,Okleiniowanie,OK,53,55,0,2026-01-19 22:08:00
683,ZLE-2026-30159,102,Pakowanie,OK,56,53,0,2026-01-19 22:39:00
684,ZLE-2026-57605,102,Wiercenie,OK,30,39,0,2026-01-19 23:18:00
685,ZLE-2026-48088,102,Okleiniowanie,OK,49,51,0,2026-01-19 23:53:00
686,ZLE-2026-88752,101,Okleiniowanie,OK,44,41,0,2026-01-20 00:44:00
687,ZLE-2026-65284,101,Pakowanie,OK,24,28,1,2026-01-20 01:22:00
688,ZLE-2026-67043,103,Okleiniowanie,OK,52,53,1,2026-01-20 01:51:00
689,ZLE-2026-45547,102,Wiercenie,OK,32,28,0,2026-01-20 02:31:00
690,ZLE-2026-92844,101,Wiercenie,OK,19,17,1,2026-01-20 03:25:00
691,ZLE-2026-37532,102,Rozkrój,OK,43,48,0,2026-01-20 03:58:00
692,ZLE-2026-44349,103,Rozkrój,OK,53,53,0,2026-01-20 04:42:00
693,ZLE-2026-55445,101,Wiercenie,OK,48,53,0,2026-01-20 05:12:00
694,ZLE-2026-15713,101,Rozkrój,OK,57,60,0,2026-01-20 05:58:00
695,ZLE-2026-66178,101,Okleiniowanie,OK,59,58,1,2026-01-20 06:42:00
696,ZLE-2026-59407,103,Pakowanie,OK,37,44,0,2026-01-20 07:11:00
697,ZLE-2026-80340,102,Wiercenie,OK,19,22,0,2026-01-20 07:57:00
698,ZLE-2026-60990,101,Wiercenie,OK,44,53,0,2026-01-20 08:38:00
699,ZLE-2026-85672,103,Wiercenie,OK,20,19,0,2026-01-20 09:25:00
700,ZLE-2026-75545,102,Wiercenie,Przezbrojenie,58,167,5,2026-01-20 09:51:00
701,ZLE-2026-94791,103,Rozkrój,OK,18,20,0,2026-01-20 10:35:00
702,ZLE-2026-68141,102,Okleiniowanie,OK,43,50,0,2026-01-20 11:17:00
703,ZLE-2026-33793,103,Okleiniowanie,OK,37,44,1,2026-01-20 11:54:00
704,ZLE-2026-66570,102,Okleiniowanie,OK,20,15,1,2026-01-20 12:38:00
705,ZLE-2026-47892,101,Wiercenie,OK,46,47,0,2026-01-20 13:10:00
706,ZLE-2026-11015,102,Okleiniowanie,OK,56,54,1,2026-01-20 13:58:00
707,ZLE-2026-71813,103,Okleiniowanie,OK,32,31,0,2026-01-20 14:39:00
708,ZLE-2026-37712,103,Okleiniowanie,Przezbrojenie,29,140,3,2026-01-20 15:13:00
709,ZLE-2026-18415,102,Rozkrój,OK,54,49,0,2026-01-20 15:52:00
710,ZLE-2026-72292,101,Okleiniowanie,Przezbrojenie,46,93,3,2026-01-20 16:39:00
711,ZLE-2026-33833,101,Rozkrój,OK,23,26,0,2026-01-20 17:24:00
712,ZLE-2026-14158,102,Rozkrój,OK,51,47,1,2026-01-20 18:00:00
713,ZLE-2026-72680,102,Rozkrój,OK,24,27,0,2026-01-20 18:43:00
714,ZLE-2026-30309,103,Okleiniowanie,OK,34,38,0,2026-01-20 19:15:00
715,ZLE-2026-16970,101,Wiercenie,OK,20,16,0,2026-01-20 20:01:00
716,ZLE-2026-82474,102,Okleiniowanie,OK,17,20,0,2026-01-20 20:42:00
717,ZLE-2026-96704,101,Okleiniowanie,OK,56,56,0,2026-01-20 21:26:00
718,ZLE-2026-56540,102,Wiercenie,OK,25,30,0,2026-01-20 22:05:00
719,ZLE-2026-30384,102,Rozkrój,OK,57,60,0,2026-01-20 22:32:00
720,ZLE-2026-28017,101,Pakowanie,Brak_Materialu,31,88,3,2026-01-20 23:11:00
721,ZLE-2026-85880,102,Okleiniowanie,OK,46,46,0,2026-01-21 00:00:00
722,ZLE-2026-18702,102,Okleiniowanie,OK,18,25,1,2026-01-21 00:38:00
723,ZLE-2026-10384,103,Wiercenie,Awaria_Maszyny,18,112,5,2026-01-21 01:12:00
724,ZLE-2026-10404,102,Rozkrój,OK,31,39,0,2026-01-21 02:07:00
725,ZLE-2026-50943,102,Wiercenie,OK,55,51,0,2026-01-21 02:49:00
726,ZLE-2026-57926,102,Okleiniowanie,OK,33,35,1,2026-01-21 03:24:00
727,ZLE-2026-39189,103,Pakowanie,Przezbrojenie,19,41,4,2026-01-21 04:03:00
728,ZLE-2026-22763,101,Rozkrój,OK,46,47,0,2026-01-21 04:31:00
729,ZLE-2026-28384,103,Okleiniowanie,OK,36,35,1,2026-01-21 05:26:00
730,ZLE-2026-70100,103,Wiercenie,OK,20,17,0,2026-01-21 05:57:00
731,ZLE-2026-19860,101,Rozkrój,OK,49,44,0,2026-01-21 06:39:00
732,ZLE-2026-90642,103,Okleiniowanie,OK,36,38,0,2026-01-21 07:27:00
733,ZLE-2026-60612,101,Wiercenie,OK,15,12,0,2026-01-21 08:08:00
734,ZLE-2026-33574,103,Pakowanie,OK,34,30,0,2026-01-21 08:37:00
735,ZLE-2026-33524,101,Okleiniowanie,OK,36,31,0,2026-01-21 09:17:00
736,ZLE-2026-79172,102,Wiercenie,Brak_Materialu,25,132,2,2026-01-21 09:52:00
737,ZLE-2026-20916,103,Pakowanie,OK,27,34,0,2026-01-21 10:32:00
738,ZLE-2026-14809,103,Pakowanie,OK,56,53,0,2026-01-21 11:21:00
739,ZLE-2026-42201,103,Rozkrój,OK,17,25,0,2026-01-21 12:06:00
740,ZLE-2026-63330,103,Wiercenie,OK,23,18,0,2026-01-21 12:33:00
741,ZLE-2026-23456,102,Okleiniowanie,Brak_Materialu,26,145,4,2026-01-21 13:26:00
742,ZLE-2026-66397,103,Pakowanie,OK,37,40,0,2026-01-21 14:03:00
743,ZLE-2026-48765,102,Okleiniowanie,OK,28,35,1,2026-01-21 14:48:00
744,ZLE-2026-44816,102,Rozkrój,OK,47,42,0,2026-01-21 15:18:00
745,ZLE-2026-55106,102,Wiercenie,OK,32,38,0,2026-01-21 16:01:00
746,ZLE-2026-63932,102,Okleiniowanie,OK,55,63,0,2026-01-21 16:34:00
747,ZLE-2026-27100,101,Pakowanie,OK,23,28,0,2026-01-21 17:20:00
748,ZLE-2026-67091,101,Pakowanie,OK,37,33,0,2026-01-21 18:09:00
749,ZLE-2026-31949,103,Wiercenie,Brak_Materialu,24,132,4,2026-01-21 18:32:00
750,ZLE-2026-80080,101,Rozkrój,OK,33,29,1,2026-01-21 19:24:00
751,ZLE-2026-47744,101,Wiercenie,OK,19,26,0,2026-01-21 20:03:00
752,ZLE-2026-55543,103,Rozkrój,OK,37,34,0,2026-01-21 20:40:00
753,ZLE-2026-46187,103,Rozkrój,OK,44,45,0,2026-01-21 21:29:00
754,ZLE-2026-17239,103,Pakowanie,OK,39,36,1,2026-01-21 21:57:00
755,ZLE-2026-24489,101,Rozkrój,OK,42,45,0,2026-01-21 22:33:00
756,ZLE-2026-68017,101,Okleiniowanie,OK,48,48,0,2026-01-21 23:21:00
757,ZLE-2026-71877,103,Pakowanie,Przezbrojenie,59,151,6,2026-01-21 23:57:00
758,ZLE-2026-53125,102,Okleiniowanie,OK,39,34,0,2026-01-22 00:35:00
759,ZLE-2026-59922,103,Okleiniowanie,OK,24,28,1,2026-01-22 01:24:00
760,ZLE-2026-42049,102,Pakowanie,OK,28,25,0,2026-01-22 02:01:00
761,ZLE-2026-47131,102,Rozkrój,OK,56,51,0,2026-01-22 02:45:00
762,ZLE-2026-52944,103,Wiercenie,OK,44,40,1,2026-01-22 03:25:00
763,ZLE-2026-83963,103,Pakowanie,OK,55,61,0,2026-01-22 04:09:00
764,ZLE-2026-34285,103,Pakowanie,Awaria_Maszyny,39,113,4,2026-01-22 04:49:00
765,ZLE-2026-47626,101,Wiercenie,Brak_Materialu,28,65,4,2026-01-22 05:13:00
766,ZLE-2026-52808,102,Okleiniowanie,Awaria_Maszyny,49,102,6,2026-01-22 06:00:00
767,ZLE-2026-98464,101,Okleiniowanie,OK,48,51,0,2026-01-22 06:42:00
768,ZLE-2026-63871,101,Pakowanie,OK,24,31,0,2026-01-22 07:18:00
769,ZLE-2026-29198,103,Pakowanie,OK,49,56,0,2026-01-22 07:53:00
770,ZLE-2026-29758,101,Okleiniowanie,Awaria_Maszyny,25,50,2,2026-01-22 08:41:00
771,ZLE-2026-25254,103,Rozkrój,OK,25,24,0,2026-01-22 09:18:00
772,ZLE-2026-54238,102,Rozkrój,Awaria_Maszyny,35,124,2,2026-01-22 10:02:00
773,ZLE-2026-11252,103,Rozkrój,OK,35,38,0,2026-01-22 10:45:00
774,ZLE-2026-49764,101,Wiercenie,OK,36,41,1,2026-01-22 11:15:00
775,ZLE-2026-87709,101,Okleiniowanie,OK,59,60,0,2026-01-22 11:59:00
776,ZLE-2026-47441,103,Pakowanie,OK,21,30,0,2026-01-22 12:42:00
777,ZLE-2026-63682,103,Wiercenie,OK,31,35,1,2026-01-22 13:16:00
778,ZLE-2026-69494,101,Rozkrój,OK,16,20,0,2026-01-22 14:08:00
779,ZLE-2026-91317,102,Wiercenie,OK,26,34,0,2026-01-22 14:48:00
780,ZLE-2026-75215,102,Okleiniowanie,OK,56,59,0,2026-01-22 15:26:00
781,ZLE-2026-88587,103,Wiercenie,OK,32,30,0,2026-01-22 16:02:00
782,ZLE-2026-16949,102,Wiercenie,OK,25,21,0,2026-01-22 16:42:00
783,ZLE-2026-65393,101,Pakowanie,OK,30,36,0,2026-01-22 17:11:00
784,ZLE-2026-83553,103,Pakowanie,OK,32,34,1,2026-01-22 17:59:00
785,ZLE-2026-16941,101,Okleiniowanie,OK,49,47,0,2026-01-22 18:42:00
786,ZLE-2026-35934,101,Rozkrój,OK,40,47,0,2026-01-22 19:18:00
787,ZLE-2026-33386,102,Wiercenie,OK,30,33,0,2026-01-22 19:50:00
788,ZLE-2026-71886,103,Rozkrój,OK,20,29,0,2026-01-22 20:43:00
789,ZLE-2026-85745,103,Okleiniowanie,OK,58,67,0,2026-01-22 21:25:00
790,ZLE-2026-93251,102,Rozkrój,OK,57,55,0,2026-01-22 22:09:00
791,ZLE-2026-63413,101,Wiercenie,Przezbrojenie,56,138,5,2026-01-22 22:44:00
792,ZLE-2026-66800,101,Rozkrój,OK,26,28,0,2026-01-22 23:10:00
793,ZLE-2026-52318,101,Wiercenie,OK,27,30,1,2026-01-23 00:06:00
794,ZLE-2026-80173,101,Pakowanie,OK,18,25,1,2026-01-23 00:42:00
795,ZLE-2026-80390,103,Rozkrój,Przezbrojenie,53,81,7,2026-01-23 01:24:00
796,ZLE-2026-62329,103,Rozkrój,OK,16,20,0,2026-01-23 02:05:00
797,ZLE-2026-53088,102,Okleiniowanie,OK,40,38,0,2026-01-23 02:45:00
798,ZLE-2026-49811,102,Pakowanie,Awaria_Maszyny,41,141,4,2026-01-23 03:11:00
799,ZLE-2026-65479,103,Rozkrój,OK,41,50,0,2026-01-23 04:06:00
800,ZLE-2026-95392,103,Okleiniowanie,OK,29,26,0,2026-01-23 04:40:00
801,ZLE-2026-97369,101,Rozkrój,OK,22,25,0,2026-01-23 05:17:00
802,ZLE-2026-29963,101,Wiercenie,Przezbrojenie,21,92,3,2026-01-23 06:09:00
803,ZLE-2026-65123,102,Okleiniowanie,OK,54,53,0,2026-01-23 06:32:00
804,ZLE-2026-83477,103,Wiercenie,OK,26,27,0,2026-01-23 07:21:00
805,ZLE-2026-24388,102,Pakowanie,OK,27,26,0,2026-01-23 08:09:00
806,ZLE-2026-15569,103,Rozkrój,OK,57,55,0,2026-01-23 08:45:00
807,ZLE-2026-79836,101,Pakowanie,OK,31,40,0,2026-01-23 09:23:00
808,ZLE-2026-46586,102,Rozkrój,Awaria_Maszyny,31,68,5,2026-01-23 10:05:00
809,ZLE-2026-22015,102,Pakowanie,Awaria_Maszyny,50,71,5,2026-01-23 10:46:00
810,ZLE-2026-55002,103,Wiercenie,OK,35,42,1,2026-01-23 11:20:00
811,ZLE-2026-16254,101,Pakowanie,OK,22,29,0,2026-01-23 12:06:00
812,ZLE-2026-27144,102,Rozkrój,OK,19,17,0,2026-01-23 12:48:00
813,ZLE-2026-34214,101,Rozkrój,OK,40,44,1,2026-01-23 13:10:00
814,ZLE-2026-90719,102,Okleiniowanie,OK,30,37,0,2026-01-23 14:01:00
815,ZLE-2026-81774,101,Okleiniowanie,OK,50,54,0,2026-01-23 14:44:00
816,ZLE-2026-16090,103,Rozkrój,OK,42,49,1,2026-01-23 15:27:00
817,ZLE-2026-21637,102,Okleiniowanie,OK,43,52,1,2026-01-23 16:03:00
818,ZLE-2026-32415,102,Rozkrój,Brak_Materialu,26,53,3,2026-01-23 16:30:00
819,ZLE-2026-34071,101,Okleiniowanie,OK,51,48,1,2026-01-23 17:22:00
820,ZLE-2026-68243,101,Pakowanie,Awaria_Maszyny,44,126,5,2026-01-23 18:04:00
821,ZLE-2026-51240,102,Okleiniowanie,OK,37,45,0,2026-01-23 18:36:00
822,ZLE-2026-93807,103,Rozkrój,OK,30,33,0,2026-01-23 19:24:00
823,ZLE-2026-43434,101,Okleiniowanie,OK,28,36,0,2026-01-23 20:09:00
824,ZLE-2026-79724,101,Rozkrój,Brak_Materialu,24,54,4,2026-01-23 20:39:00
825,ZLE-2026-85697,101,Pakowanie,OK,21,18,0,2026-01-23 21:23:00
826,ZLE-2026-38732,102,Rozkrój,OK,59,58,0,2026-01-23 21:55:00
827,ZLE-2026-21314,102,Wiercenie,OK,51,58,0,2026-01-23 22:43:00
828,ZLE-2026-33954,102,Pakowanie,OK,43,47,0,2026-01-23 23:21:00
829,ZLE-2026-67108,102,Pakowanie,OK,17,24,0,2026-01-24 00:00:00
830,ZLE-2026-97044,103,Wiercenie,OK,29,27,0,2026-01-24 00:49:00
831,ZLE-2026-97505,103,Pakowanie,OK,50,52,0,2026-01-24 01:28:00
832,ZLE-2026-46668,102,Pakowanie,OK,33,40,0,2026-01-24 01:51:00
833,ZLE-2026-33061,103,Wiercenie,OK,27,33,0,2026-01-24 02:49:00
834,ZLE-2026-89252,101,Wiercenie,OK,56,55,0,2026-01-24 03:10:00
835,ZLE-2026-49749,101,Wiercenie,OK,35,39,0,2026-01-24 03:57:00
836,ZLE-2026-26907,101,Okleiniowanie,OK,51,57,0,2026-01-24 04:43:00
837,ZLE-2026-28777,102,Wiercenie,Awaria_Maszyny,41,133,2,2026-01-24 05:18:00
838,ZLE-2026-61745,101,Okleiniowanie,OK,43,41,0,2026-01-24 05:51:00
839,ZLE-2026-91818,103,Rozkrój,OK,34,35,0,2026-01-24 06:34:00
840,ZLE-2026-33624,102,Rozkrój,OK,39,35,1,2026-01-24 07:17:00
841,ZLE-2026-33321,103,Rozkrój,OK,20,20,0,2026-01-24 08:05:00
842,ZLE-2026-20488,101,Okleiniowanie,OK,50,52,0,2026-01-24 08:45:00
843,ZLE-2026-32574,101,Rozkrój,OK,16,22,0,2026-01-24 09:22:00
844,ZLE-2026-15240,101,Wiercenie,OK,36,37,0,2026-01-24 10:09:00
845,ZLE-2026-53221,102,Okleiniowanie,Brak_Materialu,46,105,5,2026-01-24 10:44:00
846,ZLE-2026-20478,103,Pakowanie,OK,30,31,0,2026-01-24 11:10:00
847,ZLE-2026-65645,102,Rozkrój,OK,32,31,0,2026-01-24 11:52:00
848,ZLE-2026-29262,102,Rozkrój,OK,19,20,0,2026-01-24 12:35:00
849,ZLE-2026-62796,101,Wiercenie,OK,50,57,0,2026-01-24 13:23:00
850,ZLE-2026-14432,102,Wiercenie,OK,44,52,0,2026-01-24 13:53:00
851,ZLE-2026-74291,102,Rozkrój,OK,59,63,0,2026-01-24 14:47:00
852,ZLE-2026-89104,101,Pakowanie,OK,33,30,1,2026-01-24 15:24:00
853,ZLE-2026-69399,102,Pakowanie,OK,37,36,0,2026-01-24 15:58:00
854,ZLE-2026-89714,101,Okleiniowanie,OK,48,49,0,2026-01-24 16:47:00
855,ZLE-2026-60428,101,Okleiniowanie,OK,27,36,0,2026-01-24 17:12:00
856,ZLE-2026-97731,101,Pakowanie,OK,57,60,0,2026-01-24 17:59:00
857,ZLE-2026-10302,101,Wiercenie,OK,43,52,0,2026-01-24 18:46:00
858,ZLE-2026-92558,102,Okleiniowanie,Przezbrojenie,50,119,5,2026-01-24 19:16:00
859,ZLE-2026-10055,101,Pakowanie,OK,36,34,1,2026-01-24 20:04:00
860,ZLE-2026-18717,101,Okleiniowanie,OK,50,56,0,2026-01-24 20:30:00
861,ZLE-2026-38699,102,Okleiniowanie,Awaria_Maszyny,23,97,5,2026-01-24 21:20:00
862,ZLE-2026-83686,102,Okleiniowanie,OK,53,48,0,2026-01-24 22:06:00
863,ZLE-2026-77661,103,Wiercenie,OK,33,40,1,2026-01-24 22:34:00
864,ZLE-2026-54247,102,Wiercenie,OK,52,48,0,2026-01-24 23:16:00
865,ZLE-2026-26748,102,Wiercenie,OK,20,23,0,2026-01-25 00:08:00
866,ZLE-2026-14621,103,Okleiniowanie,OK,29,36,0,2026-01-25 00:44:00
867,ZLE-2026-25034,102,Rozkrój,OK,34,38,0,2026-01-25 01:12:00
868,ZLE-2026-15126,102,Okleiniowanie,OK,23,24,3,2026-01-25 02:04:00
869,ZLE-2026-15122,102,Wiercenie,OK,46,52,0,2026-01-25 02:34:00
870,ZLE-2026-28030,102,Okleiniowanie,Przezbrojenie,18,107,7,2026-01-25 03:21:00
871,ZLE-2026-92838,103,Rozkrój,OK,32,29,0,2026-01-25 04:09:00
872,ZLE-2026-94717,102,Pakowanie,OK,19,23,0,2026-01-25 04:34:00
873,ZLE-2026-65658,102,Rozkrój,Przezbrojenie,34,152,4,2026-01-25 05:12:00
874,ZLE-2026-48638,103,Pakowanie,OK,37,33,0,2026-01-25 05:58:00
875,ZLE-2026-77067,101,Rozkrój,Przezbrojenie,25,119,2,2026-01-25 06:38:00
876,ZLE-2026-98869,103,Wiercenie,OK,51,51,1,2026-01-25 07:16:00
877,ZLE-2026-44674,101,Rozkrój,OK,36,34,0,2026-01-25 07:51:00
878,ZLE-2026-45854,103,Pakowanie,OK,18,17,0,2026-01-25 08:45:00
879,ZLE-2026-56271,103,Okleiniowanie,OK,43,40,0,2026-01-25 09:18:00
880,ZLE-2026-83688,102,Rozkrój,OK,58,58,0,2026-01-25 10:02:00
881,ZLE-2026-48518,101,Okleiniowanie,Przezbrojenie,48,126,2,2026-01-25 10:48:00
882,ZLE-2026-20267,102,Rozkrój,OK,27,33,0,2026-01-25 11:29:00
883,ZLE-2026-11062,101,Rozkrój,OK,56,53,0,2026-01-25 12:06:00
884,ZLE-2026-60448,103,Pakowanie,Awaria_Maszyny,23,104,5,2026-01-25 12:35:00
885,ZLE-2026-16229,103,Okleiniowanie,OK,56,58,1,2026-01-25 13:13:00
886,ZLE-2026-66793,101,Wiercenie,OK,45,48,0,2026-01-25 13:50:00
887,ZLE-2026-57915,102,Wiercenie,Brak_Materialu,21,108,4,2026-01-25 14:47:00
888,ZLE-2026-14632,102,Wiercenie,OK,18,27,1,2026-01-25 15:28:00
889,ZLE-2026-13596,102,Rozkrój,OK,33,36,1,2026-01-25 15:58:00
890,ZLE-2026-16168,102,Rozkrój,Brak_Materialu,56,130,4,2026-01-25 16:42:00
891,ZLE-2026-17561,103,Wiercenie,OK,44,41,0,2026-01-25 17:17:00
892,ZLE-2026-83794,103,Pakowanie,OK,45,46,0,2026-01-25 18:02:00
893,ZLE-2026-92152,103,Okleiniowanie,OK,49,57,1,2026-01-25 18:44:00
894,ZLE-2026-36734,103,Okleiniowanie,OK,35,30,1,2026-01-25 19:20:00
895,ZLE-2026-16371,103,Okleiniowanie,Awaria_Maszyny,45,147,7,2026-01-25 20:01:00
896,ZLE-2026-36069,102,Pakowanie,OK,33,33,0,2026-01-25 20:43:00
897,ZLE-2026-89905,102,Okleiniowanie,OK,45,43,0,2026-01-25 21:13:00
898,ZLE-2026-22910,102,Okleiniowanie,OK,46,47,1,2026-01-25 21:50:00
899,ZLE-2026-83479,102,Pakowanie,OK,16,24,0,2026-01-25 22:33:00
900,ZLE-2026-87735,103,Rozkrój,OK,24,21,0,2026-01-25 23:28:00
901,ZLE-2026-91264,103,Rozkrój,Awaria_Maszyny,16,84,4,2026-01-25 23:58:00
902,ZLE-2026-33275,103,Wiercenie,OK,16,19,0,2026-01-26 00:39:00
903,ZLE-2026-82274,101,Pakowanie,OK,38,47,0,2026-01-26 01:13:00
904,ZLE-2026-91449,102,Rozkrój,OK,31,31,0,2026-01-26 02:09:00
905,ZLE-2026-70004,102,Okleiniowanie,OK,46,48,0,2026-01-26 02:38:00
906,ZLE-2026-72981,103,Okleiniowanie,OK,30,27,0,2026-01-26 03:22:00
907,ZLE-2026-94659,102,Okleiniowanie,OK,30,32,0,2026-01-26 04:01:00
908,ZLE-2026-64553,102,Wiercenie,OK,53,49,0,2026-01-26 04:40:00
909,ZLE-2026-58447,103,Okleiniowanie,OK,45,51,1,2026-01-26 05:21:00
910,ZLE-2026-44529,101,Okleiniowanie,OK,57,55,0,2026-01-26 06:07:00
911,ZLE-2026-85703,101,Okleiniowanie,OK,38,35,0,2026-01-26 06:41:00
912,ZLE-2026-86090,101,Wiercenie,OK,15,19,0,2026-01-26 07:25:00
913,ZLE-2026-27260,103,Okleiniowanie,OK,25,20,0,2026-01-26 07:54:00
914,ZLE-2026-13812,102,Pakowanie,Awaria_Maszyny,35,117,4,2026-01-26 08:49:00
915,ZLE-2026-38024,103,Rozkrój,OK,18,25,0,2026-01-26 09:21:00
916,ZLE-2026-68656,103,Pakowanie,Przezbrojenie,21,117,3,2026-01-26 10:00:00
917,ZLE-2026-37285,102,Pakowanie,OK,40,41,0,2026-01-26 10:38:00
918,ZLE-2026-11605,101,Okleiniowanie,OK,26,31,0,2026-01-26 11:27:00
919,ZLE-2026-81158,101,Okleiniowanie,Przezbrojenie,45,74,6,2026-01-26 11:52:00
920,ZLE-2026-82303,103,Okleiniowanie,OK,31,27,1,2026-01-26 12:49:00
921,ZLE-2026-37139,101,Rozkrój,Przezbrojenie,47,102,3,2026-01-26 13:26:00
922,ZLE-2026-87149,103,Okleiniowanie,OK,25,28,0,2026-01-26 14:03:00
923,ZLE-2026-66138,103,Rozkrój,OK,42,42,1,2026-01-26 14:30:00
924,ZLE-2026-86125,102,Okleiniowanie,OK,46,48,1,2026-01-26 15:26:00
925,ZLE-2026-23918,102,Pakowanie,OK,15,11,0,2026-01-26 15:57:00
926,ZLE-2026-95655,102,Okleiniowanie,OK,42,43,0,2026-01-26 16:34:00
927,ZLE-2026-37446,103,Pakowanie,OK,56,56,1,2026-01-26 17:14:00
928,ZLE-2026-23046,102,Okleiniowanie,OK,21,28,0,2026-01-26 17:58:00
929,ZLE-2026-34818,101,Pakowanie,OK,16,24,1,2026-01-26 18:32:00
930,ZLE-2026-14324,101,Wiercenie,OK,56,59,2,2026-01-26 19:28:00
931,ZLE-2026-86323,103,Rozkrój,OK,38,39,0,2026-01-26 19:58:00
932,ZLE-2026-19111,103,Wiercenie,Przezbrojenie,18,118,4,2026-01-26 20:47:00
933,ZLE-2026-48110,102,Rozkrój,OK,58,66,0,2026-01-26 21:25:00
934,ZLE-2026-26389,103,Okleiniowanie,Awaria_Maszyny,33,76,4,2026-01-26 21:50:00
935,ZLE-2026-51427,103,Pakowanie,Awaria_Maszyny,40,134,5,2026-01-26 22:31:00
936,ZLE-2026-89579,101,Rozkrój,OK,25,29,0,2026-01-26 23:23:00
937,ZLE-2026-38746,101,Okleiniowanie,OK,54,63,0,2026-01-27 00:03:00
938,ZLE-2026-97886,102,Wiercenie,OK,57,54,0,2026-01-27 00:30:00
939,ZLE-2026-10117,103,Pakowanie,OK,25,33,0,2026-01-27 01:25:00
940,ZLE-2026-94471,103,Wiercenie,OK,59,55,0,2026-01-27 02:04:00
941,ZLE-2026-23234,101,Okleiniowanie,OK,17,23,0,2026-01-27 02:44:00
942,ZLE-2026-63441,103,Wiercenie,OK,26,23,0,2026-01-27 03:21:00
943,ZLE-2026-10846,101,Okleiniowanie,OK,17,22,1,2026-01-27 04:05:00
944,ZLE-2026-20954,102,Wiercenie,OK,56,56,2,2026-01-27 04:43:00
945,ZLE-2026-89239,101,Pakowanie,OK,41,48,0,2026-01-27 05:24:00
946,ZLE-2026-56514,103,Wiercenie,OK,16,24,1,2026-01-27 06:04:00
947,ZLE-2026-98236,102,Pakowanie,OK,30,27,0,2026-01-27 06:48:00
948,ZLE-2026-16469,101,Rozkrój,OK,16,20,0,2026-01-27 07:17:00
949,ZLE-2026-40105,101,Wiercenie,OK,44,43,0,2026-01-27 07:51:00
950,ZLE-2026-52101,102,Pakowanie,OK,34,34,0,2026-01-27 08:31:00
951,ZLE-2026-74323,102,Rozkrój,OK,52,54,1,2026-01-27 09:19:00
952,ZLE-2026-68067,101,Pakowanie,OK,42,43,0,2026-01-27 09:52:00
953,ZLE-2026-59376,103,Okleiniowanie,OK,39,47,0,2026-01-27 10:46:00
954,ZLE-2026-55587,101,Wiercenie,OK,46,51,0,2026-01-27 11:17:00
955,ZLE-2026-46976,102,Pakowanie,OK,24,26,0,2026-01-27 11:53:00
956,ZLE-2026-77584,101,Wiercenie,OK,56,53,0,2026-01-27 12:43:00
957,ZLE-2026-88477,102,Rozkrój,OK,54,52,0,2026-01-27 13:19:00
958,ZLE-2026-52533,102,Wiercenie,OK,47,47,0,2026-01-27 13:50:00
959,ZLE-2026-11828,103,Okleiniowanie,OK,27,32,0,2026-01-27 14:33:00
960,ZLE-2026-11917,102,Pakowanie,Awaria_Maszyny,55,145,4,2026-01-27 15:10:00
961,ZLE-2026-30618,102,Okleiniowanie,OK,56,59,0,2026-01-27 16:06:00
962,ZLE-2026-42254,103,Okleiniowanie,OK,51,58,0,2026-01-27 16:46:00
963,ZLE-2026-57362,102,Wiercenie,OK,30,25,0,2026-01-27 17:16:00
964,ZLE-2026-30128,103,Okleiniowanie,OK,59,66,0,2026-01-27 18:09:00
965,ZLE-2026-69383,103,Wiercenie,OK,36,45,0,2026-01-27 18:44:00
966,ZLE-2026-75545,102,Wiercenie,OK,34,36,0,2026-01-27 19:22:00
967,ZLE-2026-92180,102,Pakowanie,OK,57,59,0,2026-01-27 19:51:00
968,ZLE-2026-97958,101,Wiercenie,OK,41,41,1,2026-01-27 20:48:00
969,ZLE-2026-19865,103,Okleiniowanie,OK,55,53,0,2026-01-27 21:22:00
970,ZLE-2026-12219,101,Rozkrój,Awaria_Maszyny,30,84,5,2026-01-27 22:00:00
971,ZLE-2026-49809,102,Rozkrój,Awaria_Maszyny,48,70,2,2026-01-27 22:44:00
972,ZLE-2026-15287,101,Rozkrój,OK,46,46,0,2026-01-27 23:19:00
973,ZLE-2026-44387,103,Rozkrój,OK,40,47,0,2026-01-27 23:58:00
974,ZLE-2026-18512,101,Wiercenie,OK,39,41,0,2026-01-28 00:38:00
975,ZLE-2026-11342,103,Wiercenie,OK,16,17,0,2026-01-28 01:29:00
976,ZLE-2026-73076,102,Okleiniowanie,OK,26,31,0,2026-01-28 01:50:00
977,ZLE-2026-29216,102,Pakowanie,OK,54,49,2,2026-01-28 02:46:00
978,ZLE-2026-89767,103,Pakowanie,OK,23,28,0,2026-01-28 03:21:00
979,ZLE-2026-36614,102,Pakowanie,Przezbrojenie,26,125,5,2026-01-28 03:59:00
980,ZLE-2026-46258,102,Wiercenie,OK,40,40,2,2026-01-28 04:34:00
981,ZLE-2026-52078,102,Okleiniowanie,OK,23,24,1,2026-01-28 05:27:00
982,ZLE-2026-93524,102,Okleiniowanie,OK,24,30,0,2026-01-28 06:04:00
983,ZLE-2026-22219,103,Rozkrój,OK,46,47,0,2026-01-28 06:35:00
984,ZLE-2026-10235,101,Okleiniowanie,OK,48,51,1,2026-01-28 07:16:00
985,ZLE-2026-52929,101,Pakowanie,OK,34,39,0,2026-01-28 08:06:00
986,ZLE-2026-77444,102,Pakowanie,OK,53,58,0,2026-01-28 08:35:00
987,ZLE-2026-18567,101,Rozkrój,Awaria_Maszyny,16,77,3,2026-01-28 09:17:00
988,ZLE-2026-80792,101,Okleiniowanie,OK,15,14,0,2026-01-28 10:01:00
989,ZLE-2026-75441,102,Pakowanie,OK,50,45,0,2026-01-28 10:43:00
990,ZLE-2026-94555,102,Rozkrój,OK,38,34,0,2026-01-28 11:21:00
991,ZLE-2026-83698,101,Okleiniowanie,Awaria_Maszyny,41,123,6,2026-01-28 11:59:00
992,ZLE-2026-15415,103,Pakowanie,OK,16,14,0,2026-01-28 12:49:00
993,ZLE-2026-46159,102,Okleiniowanie,OK,45,44,0,2026-01-28 13:24:00
994,ZLE-2026-53925,103,Rozkrój,Awaria_Maszyny,28,106,2,2026-01-28 13:56:00
995,ZLE-2026-15951,101,Okleiniowanie,OK,16,25,0,2026-01-28 14:38:00
996,ZLE-2026-97388,102,Pakowanie,Przezbrojenie,43,143,3,2026-01-28 15:19:00
997,ZLE-2026-18007,103,Wiercenie,OK,29,26,0,2026-01-28 15:59:00
998,ZLE-2026-51832,102,Rozkrój,OK,26,25,0,2026-01-28 16:45:00
999,ZLE-2026-68596,101,Okleiniowanie,OK,51,48,0,2026-01-28 17:16:00
1000,ZLE-2026-40523,103,Okleiniowanie,OK,42,40,1,2026-01-28 17:54:00
